time, omega, abs(psi(t)), arg(psi(t)), abs(psi(omega)), arg(psi(omega))
1.00000e-01,0.00000e+00,1.13246e-01,7.40077e-01,2.40978e+00,-2.71683e+00
2.00000e-01,6.28319e-02,1.62174e-01,1.16266e+00,1.68624e+00,1.44036e+00
3.00000e-01,1.25664e-01,2.05983e-01,1.38010e+00,1.22379e+00,1.76226e+00
4.00000e-01,1.88496e-01,2.28808e-01,1.55943e+00,1.16407e+00,2.05356e+00
5.00000e-01,2.51327e-01,2.35257e-01,1.76139e+00,2.88683e+00,-5.73685e-02
6.00000e-01,3.14159e-01,2.33144e-01,1.99493e+00,3.15363e-01,1.98844e+00
7.00000e-01,3.76991e-01,2.27523e-01,2.25502e+00,6.22746e-01,-2.27788e+00
8.00000e-01,4.39823e-01,2.20946e-01,2.53471e+00,4.87254e+00,-1.78024e+00
9.00000e-01,5.02655e-01,2.14531e-01,2.82810e+00,6.50772e+00,1.53620e+00
1.00000e+00,5.65487e-01,2.08676e-01,3.13075e+00,3.25634e+00,1.64845e+00
1.10000e+00,6.28319e-01,2.03439e-01,-2.84367e+00,2.56686e+00,1.74900e+00
1.20000e+00,6.91150e-01,1.98730e-01,-2.53093e+00,2.27838e+00,1.86784e+00
1.30000e+00,7.53982e-01,1.94404e-01,-2.21556e+00,2.15470e+00,2.05595e+00
1.40000e+00,8.16814e-01,1.90308e-01,-1.89829e+00,2.37570e+00,2.47662e+00
1.50000e+00,8.79646e-01,1.86298e-01,-1.57945e+00,1.99059e+01,-2.83591e+00
1.60000e+00,9.42478e-01,1.82299e-01,-1.25897e+00,3.65495e+00,1.00574e+00
1.70000e+00,1.00531e+00,1.78156e-01,-9.36234e-01,2.71333e+00,1.27081e+00
1.80000e+00,1.06814e+00,1.74052e-01,-6.11544e-01,2.48391e+00,1.39869e+00
1.90000e+00,1.13097e+00,1.69547e-01,-2.82441e-01,2.40046e+00,1.47569e+00
2.00000e+00,1.19381e+00,1.65640e-01,5.01385e-02,2.37230e+00,1.52904e+00
2.10000e+00,1.25664e+00,1.61046e-01,3.85660e-01,2.37282e+00,1.56968e+00
2.20000e+00,1.31947e+00,1.57150e-01,7.32565e-01,2.39166e+00,1.60291e+00
2.30000e+00,1.38230e+00,1.54384e-01,1.08016e+00,2.42413e+00,1.63171e+00
2.40000e+00,1.44513e+00,1.51485e-01,1.43040e+00,2.46803e+00,1.65806e+00
2.50000e+00,1.50796e+00,1.48947e-01,1.79103e+00,2.52256e+00,1.68361e+00
2.60000e+00,1.57080e+00,1.48564e-01,2.16343e+00,2.58798e+00,1.71015e+00
2.70000e+00,1.63363e+00,1.51793e-01,2.52723e+00,2.66594e+00,1.74043e+00
2.80000e+00,1.69646e+00,1.54337e-01,2.86761e+00,2.76133e+00,1.78007e+00
2.90000e+00,1.75929e+00,1.53820e-01,-3.06158e+00,2.89142e+00,1.84506e+00
3.00000e+00,1.82212e+00,1.57283e-01,-2.67938e+00,3.17610e+00,2.01055e+00
3.10000e+00,1.88496e+00,1.67939e-01,-2.31772e+00,1.64618e+01,1.87226e-01
3.20000e+00,1.94779e+00,1.80185e-01,-2.00450e+00,3.14357e+00,1.41203e+00
3.30000e+00,2.01062e+00,1.86053e-01,-1.72324e+00,3.23226e+00,1.56873e+00
3.40000e+00,2.07345e+00,1.83241e-01,-1.41724e+00,3.38357e+00,1.62916e+00
3.50000e+00,2.13628e+00,1.83597e-01,-1.05463e+00,3.55752e+00,1.66373e+00
3.60000e+00,2.19911e+00,1.96237e-01,-7.02068e-01,3.75382e+00,1.68758e+00
3.70000e+00,2.26195e+00,2.11494e-01,-4.08303e-01,3.97624e+00,1.70590e+00
3.80000e+00,2.32478e+00,2.21002e-01,-1.44361e-01,4.23012e+00,1.72094e+00
3.90000e+00,2.38761e+00,2.24121e-01,1.12224e-01,4.52247e+00,1.73386e+00
4.00000e+00,2.45044e+00,2.20552e-01,3.70959e-01,4.86256e+00,1.74530e+00
4.10000e+00,2.51327e+00,2.09589e-01,6.52614e-01,5.26284e+00,1.75566e+00
4.20000e+00,2.57611e+00,1.98653e-01,9.92287e-01,5.74049e+00,1.76520e+00
4.30000e+00,2.63894e+00,1.99518e-01,1.36007e+00,6.31996e+00,1.77409e+00
4.40000e+00,2.70177e+00,2.10041e-01,1.68917e+00,7.03720e+00,1.78245e+00
4.50000e+00,2.76460e+00,2.19455e-01,1.96200e+00,7.94737e+00,1.79039e+00
4.60000e+00,2.82743e+00,2.18986e-01,2.20828e+00,9.13967e+00,1.79796e+00
4.70000e+00,2.89027e+00,2.08665e-01,2.46851e+00,1.07684e+01,1.80523e+00
4.80000e+00,2.95310e+00,1.94686e-01,2.76312e+00,1.31254e+01,1.81223e+00
4.90000e+00,3.01593e+00,1.81629e-01,3.08879e+00,1.68381e+01,1.81900e+00
5.00000e+00,3.07876e+00,1.70837e-01,-2.84467e+00,2.35438e+01,1.82556e+00
5.10000e+00,3.14159e+00,1.62777e-01,-2.47429e+00,3.92972e+01,1.83194e+00
5.20000e+00,3.20442e+00,1.58411e-01,-2.07886e+00,1.20284e+02,1.83815e+00
5.30000e+00,3.26726e+00,1.62822e-01,-1.67450e+00,1.12082e+02,-1.29737e+00
5.40000e+00,3.33009e+00,1.74635e-01,-1.31957e+00,3.80872e+01,-1.29143e+00
5.50000e+00,3.39292e+00,1.83690e-01,-1.01534e+00,2.28923e+01,-1.28562e+00
5.60000e+00,3.45575e+00,1.88023e-01,-7.18041e-01,1.63398e+01,-1.27992e+00
5.70000e+00,3.51858e+00,1.90463e-01,-4.27071e-01,1.26897e+01,-1.27432e+00
5.80000e+00,3.58142e+00,1.88157e-01,-1.46326e-01,1.03637e+01,-1.26882e+00
5.90000e+00,3.64425e+00,1.78274e-01,1.55715e-01,8.75219e+00,-1.26340e+00
6.00000e+00,3.70708e+00,1.69500e-01,5.23286e-01,7.57001e+00,-1.25807e+00
6.10000e+00,3.76991e+00,1.72286e-01,9.06948e-01,6.66590e+00,-1.25281e+00
6.20000e+00,3.83274e+00,1.80430e-01,1.24643e+00,5.95219e+00,-1.24762e+00
6.30000e+00,3.89557e+00,1.86524e-01,1.55196e+00,5.37456e+00,-1.24250e+00
6.40000e+00,3.95841e+00,1.87459e-01,1.84978e+00,4.89754e+00,-1.23744e+00
6.50000e+00,4.02124e+00,1.86366e-01,2.16768e+00,4.49701e+00,-1.23244e+00
6.60000e+00,4.08407e+00,1.88727e-01,2.49124e+00,4.15598e+00,-1.22750e+00
6.70000e+00,4.14690e+00,1.92472e-01,2.79318e+00,3.86214e+00,-1.22261e+00
6.80000e+00,4.20973e+00,1.92863e-01,3.07746e+00,3.60637e+00,-1.21776e+00
6.90000e+00,4.27257e+00,1.88818e-01,-2.92317e+00,3.38175e+00,-1.21297e+00
7.00000e+00,4.33540e+00,1.80147e-01,-2.63029e+00,3.18293e+00,-1.20822e+00
7.10000e+00,4.39823e+00,1.68877e-01,-2.30316e+00,3.00572e+00,-1.20351e+00
7.20000e+00,4.46106e+00,1.62436e-01,-1.93499e+00,2.84681e+00,-1.19884e+00
7.30000e+00,4.52389e+00,1.63154e-01,-1.58475e+00,2.70350e+00,-1.19421e+00
7.40000e+00,4.58673e+00,1.60496e-01,-1.27158e+00,2.57363e+00,-1.18961e+00
7.50000e+00,4.64956e+00,1.50709e-01,-9.31543e-01,2.45539e+00,-1.18506e+00
7.60000e+00,4.71239e+00,1.43949e-01,-5.25528e-01,2.34730e+00,-1.18053e+00
7.70000e+00,4.77522e+00,1.46424e-01,-1.05939e-01,2.24812e+00,-1.17604e+00
7.80000e+00,4.83805e+00,1.55542e-01,2.95093e-01,2.15679e+00,-1.17157e+00
7.90000e+00,4.90088e+00,1.72196e-01,6.52437e-01,2.07243e+00,-1.16714e+00
8.00000e+00,4.96372e+00,1.89291e-01,9.37361e-01,1.99427e+00,-1.16274e+00
8.10000e+00,5.02655e+00,1.96072e-01,1.18200e+00,1.92165e+00,-1.15836e+00
8.20000e+00,5.08938e+00,1.90498e-01,1.44672e+00,1.85402e+00,-1.15401e+00
8.30000e+00,5.15221e+00,1.81807e-01,1.76828e+00,1.79088e+00,-1.14968e+00
8.40000e+00,5.21504e+00,1.79487e-01,2.12603e+00,1.73179e+00,-1.14537e+00
8.50000e+00,5.27788e+00,1.83192e-01,2.47246e+00,1.67640e+00,-1.14110e+00
8.60000e+00,5.34071e+00,1.87122e-01,2.80221e+00,1.62435e+00,-1.13684e+00
8.70000e+00,5.40354e+00,1.91766e-01,3.13351e+00,1.57537e+00,-1.13260e+00
8.80000e+00,5.46637e+00,1.99536e-01,-2.83362e+00,1.52919e+00,-1.12839e+00
8.90000e+00,5.52920e+00,2.04686e-01,-2.54707e+00,1.48559e+00,-1.12419e+00
9.00000e+00,5.59203e+00,2.03268e-01,-2.25454e+00,1.44434e+00,-1.12002e+00
9.10000e+00,5.65487e+00,2.01639e-01,-1.93947e+00,1.40527e+00,-1.11586e+00
9.20000e+00,5.71770e+00,2.01726e-01,-1.62064e+00,1.36821e+00,-1.11173e+00
9.30000e+00,5.78053e+00,2.02567e-01,-1.29777e+00,1.33302e+00,-1.10761e+00
9.40000e+00,5.84336e+00,2.06545e-01,-9.77005e-01,1.29954e+00,-1.10350e+00
9.50000e+00,5.90619e+00,2.10898e-01,-6.77863e-01,1.26768e+00,-1.09941e+00
9.60000e+00,5.96903e+00,2.12115e-01,-3.83505e-01,1.23731e+00,-1.09534e+00
9.70000e+00,6.03186e+00,2.12903e-01,-9.04288e-02,1.20833e+00,-1.09129e+00
9.80000e+00,6.09469e+00,2.11282e-01,1.93265e-01,1.18065e+00,-1.08725e+00
9.90000e+00,6.15752e+00,2.05463e-01,4.80374e-01,1.15418e+00,-1.08322e+00
1.00000e+01,6.22035e+00,1.96506e-01,7.85327e-01,1.12884e+00,-1.07921e+00
1.01000e+01,6.28319e+00,1.88171e-01,1.12423e+00,1.10460e+00,-1.07521e+00
1.02000e+01,6.34602e+00,1.87671e-01,1.48095e+00,1.08134e+00,-1.07123e+00
1.03000e+01,6.40885e+00,1.92877e-01,1.79960e+00,1.05902e+00,-1.06726e+00
1.04000e+01,6.47168e+00,1.92335e-01,2.08541e+00,1.03758e+00,-1.06330e+00
1.05000e+01,6.53451e+00,1.87492e-01,2.39208e+00,1.01699e+00,-1.05935e+00
1.06000e+01,6.59734e+00,1.86265e-01,2.69908e+00,9.97180e-01,-1.05542e+00
1.07000e+01,6.66018e+00,1.82113e-01,2.97255e+00,9.78097e-01,-1.05152e+00
1.08000e+01,6.72301e+00,1.68508e-01,-3.03588e+00,9.59747e-01,-1.04760e+00
1.09000e+01,6.78584e+00,1.49391e-01,-2.71171e+00,9.42052e-01,-1.04370e+00
1.10000e+01,6.84867e+00,1.31900e-01,-2.31076e+00,9.24989e-01,-1.03981e+00
1.11000e+01,6.91150e+00,1.22926e-01,-1.83588e+00,9.08521e-01,-1.03592e+00
1.12000e+01,6.97434e+00,1.26905e-01,-1.33748e+00,8.92627e-01,-1.03206e+00
1.13000e+01,7.03717e+00,1.43776e-01,-9.01048e-01,8.77268e-01,-1.02820e+00
1.14000e+01,7.10000e+00,1.65256e-01,-5.61995e-01,8.62423e-01,-1.02435e+00
1.15000e+01,7.16283e+00,1.82030e-01,-2.86082e-01,8.48065e-01,-1.02052e+00
1.16000e+01,7.22566e+00,1.89843e-01,-2.75702e-02,8.34173e-01,-1.01669e+00
1.17000e+01,7.28849e+00,1.90377e-01,2.43694e-01,8.20723e-01,-1.01287e+00
1.18000e+01,7.35133e+00,1.86942e-01,5.41372e-01,8.07698e-01,-1.00906e+00
1.19000e+01,7.41416e+00,1.84640e-01,8.66957e-01,7.95070e-01,-1.00525e+00
1.20000e+01,7.47699e+00,1.85653e-01,1.20081e+00,7.82831e-01,-1.00146e+00
1.21000e+01,7.53982e+00,1.89752e-01,1.52987e+00,7.70960e-01,-9.97676e-01
1.22000e+01,7.60265e+00,1.95445e-01,1.83868e+00,7.59440e-01,-9.93900e-01
1.23000e+01,7.66549e+00,1.97707e-01,2.13198e+00,7.48262e-01,-9.90127e-01
1.24000e+01,7.72832e+00,1.97611e-01,2.43684e+00,7.37399e-01,-9.86366e-01
1.25000e+01,7.79115e+00,1.99750e-01,2.74211e+00,7.26847e-01,-9.82613e-01
1.26000e+01,7.85398e+00,2.00944e-01,3.02533e+00,7.16592e-01,-9.78866e-01
1.27000e+01,7.91681e+00,1.96144e-01,-2.98144e+00,7.06621e-01,-9.75127e-01
1.28000e+01,7.97965e+00,1.86610e-01,-2.68727e+00,6.96923e-01,-9.71396e-01
1.29000e+01,8.04248e+00,1.75279e-01,-2.36524e+00,6.87487e-01,-9.67671e-01
1.30000e+01,8.10531e+00,1.65210e-01,-2.00608e+00,6.78302e-01,-9.63942e-01
1.31000e+01,8.16814e+00,1.60790e-01,-1.61857e+00,6.69360e-01,-9.60240e-01
1.32000e+01,8.23097e+00,1.62773e-01,-1.22984e+00,6.60650e-01,-9.56535e-01
1.33000e+01,8.29380e+00,1.70989e-01,-8.65118e-01,6.52164e-01,-9.52836e-01
1.34000e+01,8.35664e+00,1.79773e-01,-5.48999e-01,6.43894e-01,-9.49143e-01
1.35000e+01,8.41947e+00,1.82463e-01,-2.51119e-01,6.35826e-01,-9.45464e-01
1.36000e+01,8.48230e+00,1.81165e-01,6.10110e-02,6.27965e-01,-9.41780e-01
1.37000e+01,8.54513e+00,1.79109e-01,3.89584e-01,6.20295e-01,-9.38106e-01
1.38000e+01,8.60796e+00,1.78838e-01,7.38002e-01,6.12811e-01,-9.34437e-01
1.39000e+01,8.67080e+00,1.83965e-01,1.07994e+00,6.05507e-01,-9.30774e-01
1.40000e+01,8.73363e+00,1.87770e-01,1.38884e+00,5.98375e-01,-9.27117e-01
1.41000e+01,8.79646e+00,1.84780e-01,1.71211e+00,5.91411e-01,-9.23465e-01
1.42000e+01,8.85929e+00,1.85151e-01,2.08533e+00,5.84606e-01,-9.19812e-01
1.43000e+01,8.92212e+00,1.98556e-01,2.45148e+00,5.77962e-01,-9.16179e-01
1.44000e+01,8.98495e+00,2.16995e-01,2.75053e+00,5.71467e-01,-9.12547e-01
1.45000e+01,9.04779e+00,2.28806e-01,3.00904e+00,5.65116e-01,-9.08911e-01
1.46000e+01,9.11062e+00,2.32539e-01,-3.02169e+00,5.58908e-01,-9.05285e-01
1.47000e+01,9.17345e+00,2.29893e-01,-2.75653e+00,5.52836e-01,-9.01664e-01
1.48000e+01,9.23628e+00,2.26363e-01,-2.46608e+00,5.46897e-01,-8.98046e-01
1.49000e+01,9.29911e+00,2.28048e-01,-2.17567e+00,5.41081e-01,-8.94452e-01
1.50000e+01,9.36195e+00,2.28931e-01,-1.91964e+00,5.35395e-01,-8.90832e-01
1.51000e+01,9.42478e+00,2.20523e-01,-1.68018e+00,5.29830e-01,-8.87231e-01
1.52000e+01,9.48761e+00,2.03041e-01,-1.42304e+00,5.24379e-01,-8.83631e-01
1.53000e+01,9.55044e+00,1.81657e-01,-1.12192e+00,5.19029e-01,-8.80008e-01
1.54000e+01,9.61327e+00,1.62797e-01,-7.62014e-01,5.13819e-01,-8.76458e-01
1.55000e+01,9.67611e+00,1.53331e-01,-3.52043e-01,5.08696e-01,-8.72873e-01
1.56000e+01,9.73894e+00,1.55575e-01,4.02771e-02,5.03684e-01,-8.69294e-01
1.57000e+01,9.80177e+00,1.59902e-01,3.62121e-01,4.98762e-01,-8.65709e-01
1.58000e+01,9.86460e+00,1.55348e-01,6.44827e-01,4.93943e-01,-8.62136e-01
1.59000e+01,9.92743e+00,1.40678e-01,9.55171e-01,4.89220e-01,-8.58565e-01
1.60000e+01,9.99026e+00,1.23264e-01,1.36033e+00,4.84577e-01,-8.55013e-01
1.61000e+01,1.00531e+01,1.17485e-01,1.87709e+00,4.80037e-01,-8.51447e-01
1.62000e+01,1.01159e+01,1.29975e-01,2.35912e+00,4.75580e-01,-8.47889e-01
1.63000e+01,1.01788e+01,1.47369e-01,2.73373e+00,4.71208e-01,-8.44336e-01
1.64000e+01,1.02416e+01,1.62391e-01,3.06077e+00,4.66917e-01,-8.40786e-01
1.65000e+01,1.03044e+01,1.74995e-01,-2.91806e+00,4.62707e-01,-8.37240e-01
1.66000e+01,1.03673e+01,1.84390e-01,-2.62483e+00,4.58574e-01,-8.33698e-01
1.67000e+01,1.04301e+01,1.90939e-01,-2.33135e+00,4.54520e-01,-8.30166e-01
1.68000e+01,1.04929e+01,1.96589e-01,-2.03348e+00,4.50534e-01,-8.26650e-01
1.69000e+01,1.05558e+01,2.02701e-01,-1.74249e+00,4.46623e-01,-8.23094e-01
1.70000e+01,1.06186e+01,2.05945e-01,-1.46752e+00,4.42784e-01,-8.19568e-01
1.71000e+01,1.06814e+01,2.03512e-01,-1.18796e+00,4.39006e-01,-8.16036e-01
1.72000e+01,1.07442e+01,1.98769e-01,-8.86984e-01,4.35298e-01,-8.12514e-01
1.73000e+01,1.08071e+01,1.94760e-01,-5.70152e-01,4.31661e-01,-8.08999e-01
1.74000e+01,1.08699e+01,1.91832e-01,-2.41638e-01,4.28081e-01,-8.05479e-01
1.75000e+01,1.09327e+01,1.92111e-01,9.84254e-02,4.24563e-01,-8.01965e-01
1.76000e+01,1.09956e+01,1.97776e-01,4.23367e-01,4.21106e-01,-7.98454e-01
1.77000e+01,1.10584e+01,2.01350e-01,7.09651e-01,4.17708e-01,-7.94946e-01
1.78000e+01,1.11212e+01,1.96709e-01,1.00094e+00,4.14367e-01,-7.91439e-01
1.79000e+01,1.11841e+01,1.92588e-01,1.32860e+00,4.11085e-01,-7.87932e-01
1.80000e+01,1.12469e+01,1.94030e-01,1.64604e+00,4.07872e-01,-7.84406e-01
1.81000e+01,1.13097e+01,1.90740e-01,1.93850e+00,4.04624e-01,-7.81015e-01
1.82000e+01,1.13726e+01,1.81989e-01,2.26315e+00,4.01521e-01,-7.77485e-01
1.83000e+01,1.14354e+01,1.78324e-01,2.62551e+00,3.98460e-01,-7.73973e-01
1.84000e+01,1.14982e+01,1.81581e-01,2.97589e+00,3.95431e-01,-7.70490e-01
1.85000e+01,1.15611e+01,1.85804e-01,-2.98670e+00,3.92454e-01,-7.67003e-01
1.86000e+01,1.16239e+01,1.86748e-01,-2.68542e+00,3.89523e-01,-7.63519e-01
1.87000e+01,1.16867e+01,1.82439e-01,-2.37977e+00,3.86638e-01,-7.60037e-01
1.88000e+01,1.17496e+01,1.75859e-01,-2.04368e+00,3.83799e-01,-7.56547e-01
1.89000e+01,1.18124e+01,1.73057e-01,-1.67764e+00,3.81000e-01,-7.53175e-01
1.90000e+01,1.18752e+01,1.76210e-01,-1.30924e+00,3.78249e-01,-7.49628e-01
1.91000e+01,1.19381e+01,1.84301e-01,-9.60563e-01,3.75539e-01,-7.46154e-01
1.92000e+01,1.20009e+01,1.93539e-01,-6.48571e-01,3.72870e-01,-7.42685e-01
1.93000e+01,1.20637e+01,1.97982e-01,-3.54399e-01,3.70242e-01,-7.39220e-01
1.94000e+01,1.21265e+01,1.99811e-01,-5.29464e-02,3.67652e-01,-7.35757e-01
1.95000e+01,1.21894e+01,2.00694e-01,2.48127e-01,3.65102e-01,-7.32296e-01
1.96000e+01,1.22522e+01,1.99444e-01,5.59712e-01,3.62588e-01,-7.28835e-01
1.97000e+01,1.23150e+01,2.02099e-01,8.86120e-01,3.60113e-01,-7.25383e-01
1.98000e+01,1.23779e+01,2.09085e-01,1.18417e+00,3.57674e-01,-7.21928e-01
1.99000e+01,1.24407e+01,2.11734e-01,1.45254e+00,3.55270e-01,-7.18477e-01
2.00000e+01,1.25035e+01,2.08986e-01,1.71679e+00,3.52901e-01,-7.15027e-01
2.01000e+01,1.25664e+01,2.01196e-01,1.97814e+00,3.50566e-01,-7.11580e-01
2.02000e+01,1.26292e+01,1.86787e-01,2.25033e+00,3.48264e-01,-7.08134e-01
2.03000e+01,1.26920e+01,1.67096e-01,2.55945e+00,3.45995e-01,-7.04689e-01
2.04000e+01,1.27549e+01,1.47883e-01,2.94685e+00,3.43747e-01,-7.01218e-01
2.05000e+01,1.28177e+01,1.40754e-01,-2.87156e+00,3.41567e-01,-6.97826e-01
2.06000e+01,1.28805e+01,1.49875e-01,-2.42977e+00,3.39374e-01,-6.94375e-01
2.07000e+01,1.29434e+01,1.64789e-01,-2.07846e+00,3.37232e-01,-6.90940e-01
2.08000e+01,1.30062e+01,1.74742e-01,-1.78247e+00,3.35118e-01,-6.87506e-01
2.09000e+01,1.30690e+01,1.78163e-01,-1.49259e+00,3.33032e-01,-6.84074e-01
2.10000e+01,1.31319e+01,1.79395e-01,-1.19647e+00,3.30976e-01,-6.80641e-01
2.11000e+01,1.31947e+01,1.78365e-01,-9.08421e-01,3.28952e-01,-6.77197e-01
2.12000e+01,1.32575e+01,1.72195e-01,-6.17179e-01,3.26927e-01,-6.73840e-01
2.13000e+01,1.33204e+01,1.62916e-01,-2.97552e-01,3.24962e-01,-6.70386e-01
2.14000e+01,1.33832e+01,1.54418e-01,4.97276e-02,3.23014e-01,-6.66959e-01
2.15000e+01,1.34460e+01,1.46619e-01,4.25817e-01,3.21092e-01,-6.63537e-01
2.16000e+01,1.35088e+01,1.44355e-01,8.42375e-01,3.19195e-01,-6.60117e-01
2.17000e+01,1.35717e+01,1.50968e-01,1.24420e+00,3.17323e-01,-6.56700e-01
2.18000e+01,1.36345e+01,1.59528e-01,1.60552e+00,3.15477e-01,-6.53285e-01
2.19000e+01,1.36973e+01,1.68026e-01,1.95944e+00,3.13663e-01,-6.49869e-01
2.20000e+01,1.37602e+01,1.80797e-01,2.29712e+00,3.11875e-01,-6.46512e-01
2.21000e+01,1.38230e+01,1.93319e-01,2.59273e+00,3.10049e-01,-6.43038e-01
2.22000e+01,1.38858e+01,1.99931e-01,2.87473e+00,3.08303e-01,-6.39635e-01
2.23000e+01,1.39487e+01,2.02708e-01,-3.11804e+00,3.06573e-01,-6.36229e-01
2.24000e+01,1.40115e+01,2.03746e-01,-2.81441e+00,3.04863e-01,-6.32824e-01
2.25000e+01,1.40743e+01,2.06726e-01,-2.49858e+00,3.03174e-01,-6.29420e-01
2.26000e+01,1.41372e+01,2.12543e-01,-2.19335e+00,3.01506e-01,-6.26018e-01
2.27000e+01,1.42000e+01,2.17534e-01,-1.90474e+00,2.99859e-01,-6.22617e-01
2.28000e+01,1.42628e+01,2.19852e-01,-1.62809e+00,2.98233e-01,-6.19218e-01
2.29000e+01,1.43257e+01,2.16908e-01,-1.35587e+00,2.96629e-01,-6.15819e-01
2.30000e+01,1.43885e+01,2.09369e-01,-1.06694e+00,2.95057e-01,-6.12423e-01
2.31000e+01,1.44513e+01,2.00631e-01,-7.56392e-01,2.93456e-01,-6.09035e-01
2.32000e+01,1.45142e+01,1.92235e-01,-4.15200e-01,2.91915e-01,-6.05637e-01
2.33000e+01,1.45770e+01,1.91681e-01,-4.13530e-02,2.90388e-01,-6.02244e-01
2.34000e+01,1.46398e+01,2.02871e-01,3.00126e-01,2.88880e-01,-5.98853e-01
2.35000e+01,1.47027e+01,2.12866e-01,5.74332e-01,2.87410e-01,-5.95470e-01
2.36000e+01,1.47655e+01,2.12307e-01,8.27362e-01,2.85890e-01,-5.92063e-01
2.37000e+01,1.48283e+01,2.04613e-01,1.09461e+00,2.84441e-01,-5.88669e-01
2.38000e+01,1.48911e+01,1.93120e-01,1.37751e+00,2.82996e-01,-5.85357e-01
2.39000e+01,1.49540e+01,1.77973e-01,1.68617e+00,2.81576e-01,-5.81928e-01
2.40000e+01,1.50168e+01,1.63149e-01,2.04646e+00,2.80170e-01,-5.78539e-01
2.41000e+01,1.50796e+01,1.55989e-01,2.45043e+00,2.78782e-01,-5.75178e-01
2.42000e+01,1.51425e+01,1.57984e-01,2.85074e+00,2.77407e-01,-5.71770e-01
2.43000e+01,1.52053e+01,1.64282e-01,-3.07484e+00,2.76044e-01,-5.68402e-01
2.44000e+01,1.52681e+01,1.67353e-01,-2.74351e+00,2.74702e-01,-5.65027e-01
2.45000e+01,1.53310e+01,1.68833e-01,-2.39485e+00,2.73376e-01,-5.61642e-01
2.46000e+01,1.53938e+01,1.76390e-01,-2.04500e+00,2.72064e-01,-5.58263e-01
2.47000e+01,1.54566e+01,1.86485e-01,-1.74532e+00,2.70772e-01,-5.54893e-01
2.48000e+01,1.55195e+01,1.88439e-01,-1.48068e+00,2.69488e-01,-5.51505e-01
2.49000e+01,1.55823e+01,1.80732e-01,-1.19147e+00,2.68227e-01,-5.48121e-01
2.50000e+01,1.56451e+01,1.73572e-01,-8.51239e-01,2.67011e-01,-5.44701e-01
2.51000e+01,1.57080e+01,1.72612e-01,-4.96540e-01,2.65766e-01,-5.41656e-01
2.52000e+01,1.57708e+01,1.75303e-01,-1.56882e-01,2.64432e-01,-5.38014e-01
2.53000e+01,1.58336e+01,1.77982e-01,1.61020e-01,2.63193e-01,-5.34517e-01
2.54000e+01,1.58965e+01,1.76713e-01,4.69324e-01,2.62057e-01,-5.31385e-01
2.55000e+01,1.59593e+01,1.72306e-01,8.04445e-01,2.60874e-01,-5.27941e-01
2.56000e+01,1.60221e+01,1.73522e-01,1.16480e+00,2.59713e-01,-5.24871e-01
2.57000e+01,1.60850e+01,1.79504e-01,1.49368e+00,2.58542e-01,-5.21266e-01
2.58000e+01,1.61478e+01,1.81583e-01,1.80221e+00,2.57394e-01,-5.17888e-01
2.59000e+01,1.62106e+01,1.82172e-01,2.12484e+00,2.56259e-01,-5.14519e-01
2.60000e+01,1.62734e+01,1.85600e-01,2.44586e+00,2.55135e-01,-5.11155e-01
2.61000e+01,1.63363e+01,1.89184e-01,2.74408e+00,2.54024e-01,-5.07793e-01
2.62000e+01,1.63991e+01,1.88322e-01,3.02657e+00,2.52925e-01,-5.04432e-01
2.63000e+01,1.64619e+01,1.81771e-01,-2.96359e+00,2.51837e-01,-5.01072e-01
2.64000e+01,1.65248e+01,1.73983e-01,-2.64003e+00,2.50761e-01,-4.97713e-01
2.65000e+01,1.65876e+01,1.69175e-01,-2.30136e+00,2.49696e-01,-4.94355e-01
2.66000e+01,1.66504e+01,1.65103e-01,-1.96699e+00,2.48643e-01,-4.90997e-01
2.67000e+01,1.67133e+01,1.59547e-01,-1.62308e+00,2.47600e-01,-4.87638e-01
2.68000e+01,1.67761e+01,1.54856e-01,-1.25779e+00,2.46570e-01,-4.84273e-01
2.69000e+01,1.68389e+01,1.52248e-01,-8.74429e-01,2.45551e-01,-4.80881e-01
2.70000e+01,1.69018e+01,1.54958e-01,-4.70253e-01,2.44525e-01,-4.77777e-01
2.71000e+01,1.69646e+01,1.66247e-01,-9.16449e-02,2.43535e-01,-4.74279e-01
2.72000e+01,1.70274e+01,1.78232e-01,2.30424e-01,2.42548e-01,-4.70898e-01
2.73000e+01,1.70903e+01,1.84113e-01,5.40301e-01,2.41566e-01,-4.67646e-01
2.74000e+01,1.71531e+01,1.89336e-01,8.72880e-01,2.40599e-01,-4.64228e-01
2.75000e+01,1.72159e+01,1.99905e-01,1.19923e+00,2.39640e-01,-4.60869e-01
2.76000e+01,1.72788e+01,2.10656e-01,1.49457e+00,2.38729e-01,-4.57750e-01
2.77000e+01,1.73416e+01,2.17486e-01,1.78035e+00,2.37755e-01,-4.54169e-01
2.78000e+01,1.74044e+01,2.22821e-01,2.06998e+00,2.36827e-01,-4.50815e-01
2.79000e+01,1.74673e+01,2.28754e-01,2.35242e+00,2.35911e-01,-4.47457e-01
2.80000e+01,1.75301e+01,2.31584e-01,2.61742e+00,2.35011e-01,-4.44084e-01
2.81000e+01,1.75929e+01,2.27280e-01,2.88581e+00,2.34171e-01,-4.40600e-01
2.82000e+01,1.76558e+01,2.21104e-01,-3.09910e+00,2.33113e-01,-4.37721e-01
2.83000e+01,1.77186e+01,2.20148e-01,-2.79430e+00,2.32282e-01,-4.34203e-01
2.84000e+01,1.77814e+01,2.18471e-01,-2.51401e+00,2.31423e-01,-4.30822e-01
2.85000e+01,1.78442e+01,2.10093e-01,-2.22757e+00,2.30605e-01,-4.27410e-01
2.86000e+01,1.79071e+01,2.03345e-01,-1.91033e+00,2.29648e-01,-4.24191e-01
2.87000e+01,1.79699e+01,2.01151e-01,-1.60816e+00,2.28844e-01,-4.20983e-01
2.88000e+01,1.80327e+01,1.94001e-01,-1.32802e+00,2.27990e-01,-4.17484e-01
2.89000e+01,1.80956e+01,1.80354e-01,-1.02865e+00,2.27160e-01,-4.14137e-01
2.90000e+01,1.81584e+01,1.66441e-01,-6.84497e-01,2.26336e-01,-4.10795e-01
2.91000e+01,1.82212e+01,1.57908e-01,-3.06364e-01,2.25521e-01,-4.07454e-01
2.92000e+01,1.82841e+01,1.55856e-01,7.42429e-02,2.24714e-01,-4.04111e-01
2.93000e+01,1.83469e+01,1.56581e-01,4.27809e-01,2.23918e-01,-4.00750e-01
2.94000e+01,1.84097e+01,1.54787e-01,7.69513e-01,2.23109e-01,-3.97488e-01
2.95000e+01,1.84726e+01,1.52389e-01,1.12904e+00,2.22330e-01,-3.94113e-01
2.96000e+01,1.85354e+01,1.53509e-01,1.49710e+00,2.21553e-01,-3.90771e-01
2.97000e+01,1.85982e+01,1.57902e-01,1.84594e+00,2.20781e-01,-3.87425e-01
2.98000e+01,1.86611e+01,1.61148e-01,2.16267e+00,2.20031e-01,-3.84100e-01
2.99000e+01,1.87239e+01,1.58030e-01,2.47287e+00,2.19277e-01,-3.80615e-01
3.00000e+01,1.87867e+01,1.50691e-01,2.82512e+00,2.18518e-01,-3.77974e-01
3.01000e+01,1.88496e+01,1.47837e-01,-3.04932e+00,2.17822e-01,-3.74097e-01
3.02000e+01,1.89124e+01,1.56122e-01,-2.63365e+00,2.16989e-01,-3.71037e-01
3.03000e+01,1.89752e+01,1.72856e-01,-2.27703e+00,2.16295e-01,-3.67578e-01
3.04000e+01,1.90381e+01,1.87616e-01,-1.98253e+00,2.15585e-01,-3.64194e-01
3.05000e+01,1.91009e+01,1.95436e-01,-1.69893e+00,2.14889e-01,-3.60722e-01
3.06000e+01,1.91637e+01,2.01236e-01,-1.40565e+00,2.14136e-01,-3.57990e-01
3.07000e+01,1.92265e+01,2.06968e-01,-1.11626e+00,2.13459e-01,-3.54339e-01
3.08000e+01,1.92894e+01,2.12110e-01,-8.34751e-01,2.12773e-01,-3.50948e-01
3.09000e+01,1.93522e+01,2.14551e-01,-5.72796e-01,2.12092e-01,-3.47633e-01
3.10000e+01,1.94150e+01,2.09322e-01,-3.11079e-01,2.11439e-01,-3.44261e-01
3.11000e+01,1.94779e+01,2.00568e-01,-2.48066e-02,2.10954e-01,-3.40810e-01
3.12000e+01,1.95407e+01,1.92138e-01,2.75468e-01,2.09916e-01,-3.37848e-01
3.13000e+01,1.96035e+01,1.82057e-01,5.80878e-01,2.09328e-01,-3.34403e-01
3.14000e+01,1.96664e+01,1.68561e-01,9.12566e-01,2.08690e-01,-3.31049e-01
3.15000e+01,1.97292e+01,1.57510e-01,1.30585e+00,2.08048e-01,-3.27709e-01
3.16000e+01,1.97920e+01,1.58862e-01,1.72698e+00,2.07409e-01,-3.24369e-01
3.17000e+01,1.98549e+01,1.68766e-01,2.09038e+00,2.06774e-01,-3.21018e-01
3.18000e+01,1.99177e+01,1.74518e-01,2.40675e+00,2.06146e-01,-3.17602e-01
3.19000e+01,1.99805e+01,1.76052e-01,2.73372e+00,2.05517e-01,-3.14914e-01
3.20000e+01,2.00434e+01,1.79626e-01,3.06545e+00,2.04974e-01,-3.11406e-01
3.21000e+01,2.01062e+01,1.82340e-01,-2.89959e+00,2.04131e-01,-3.07053e-01
3.22000e+01,2.01690e+01,1.83700e-01,-2.57041e+00,2.03664e-01,-3.04453e-01
3.23000e+01,2.02319e+01,1.88553e-01,-2.24345e+00,2.03065e-01,-3.01084e-01
3.24000e+01,2.02947e+01,1.92282e-01,-1.94176e+00,2.02477e-01,-2.97569e-01
3.25000e+01,2.03575e+01,1.90763e-01,-1.63668e+00,2.01834e-01,-2.95287e-01
3.26000e+01,2.04204e+01,1.88685e-01,-1.30684e+00,2.01272e-01,-2.91431e-01
3.27000e+01,2.04832e+01,1.89560e-01,-9.65738e-01,2.00694e-01,-2.88039e-01
3.28000e+01,2.05460e+01,1.94504e-01,-6.24158e-01,2.00118e-01,-2.84693e-01
3.29000e+01,2.06088e+01,2.02985e-01,-3.07429e-01,1.99547e-01,-2.81360e-01
3.30000e+01,2.06717e+01,2.08521e-01,-1.52824e-02,1.98981e-01,-2.78032e-01
3.31000e+01,2.07345e+01,2.10258e-01,2.80304e-01,1.98420e-01,-2.74706e-01
3.32000e+01,2.07973e+01,2.12257e-01,5.80977e-01,1.97864e-01,-2.71381e-01
3.33000e+01,2.08602e+01,2.14229e-01,8.73673e-01,1.97314e-01,-2.68053e-01
3.34000e+01,2.09230e+01,2.13495e-01,1.15848e+00,1.96769e-01,-2.64721e-01
3.35000e+01,2.09858e+01,2.09048e-01,1.45248e+00,1.96230e-01,-2.61378e-01
3.36000e+01,2.10487e+01,2.05504e-01,1.76636e+00,1.95700e-01,-2.57992e-01
3.37000e+01,2.11115e+01,2.06145e-01,2.07901e+00,1.95183e-01,-2.54975e-01
3.38000e+01,2.11743e+01,2.08561e-01,2.36719e+00,1.94649e-01,-2.51631e-01
3.39000e+01,2.12372e+01,2.06666e-01,2.62317e+00,1.94163e-01,-2.48031e-01
3.40000e+01,2.13000e+01,1.94215e-01,2.87258e+00,1.94085e-01,-2.45281e-01
3.41000e+01,2.13628e+01,1.74400e-01,-3.11726e+00,1.92838e-01,-2.42447e-01
3.42000e+01,2.14257e+01,1.57563e-01,-2.76557e+00,1.92458e-01,-2.38587e-01
3.43000e+01,2.14885e+01,1.46531e-01,-2.39168e+00,1.91986e-01,-2.35189e-01
3.44000e+01,2.15513e+01,1.37025e-01,-2.00680e+00,1.91497e-01,-2.31815e-01
3.45000e+01,2.16142e+01,1.30222e-01,-1.58304e+00,1.91007e-01,-2.28449e-01
3.46000e+01,2.16770e+01,1.31607e-01,-1.13719e+00,1.90516e-01,-2.25060e-01
3.47000e+01,2.17398e+01,1.41200e-01,-7.31665e-01,1.90019e-01,-2.21525e-01
3.48000e+01,2.18027e+01,1.51971e-01,-3.84816e-01,1.89674e-01,-2.20520e-01
3.49000e+01,2.18655e+01,1.58577e-01,-6.77352e-02,1.89102e-01,-2.15558e-01
3.50000e+01,2.19283e+01,1.60552e-01,2.58595e-01,1.88625e-01,-2.12109e-01
3.51000e+01,2.19911e+01,1.63383e-01,6.12241e-01,1.88181e-01,-2.08702e-01
3.52000e+01,2.20540e+01,1.72006e-01,9.63762e-01,1.87658e-01,-2.05458e-01
3.53000e+01,2.21168e+01,1.83883e-01,1.27762e+00,1.87207e-01,-2.02107e-01
3.54000e+01,2.21796e+01,1.91700e-01,1.55243e+00,1.86752e-01,-1.98774e-01
3.55000e+01,2.22425e+01,1.89770e-01,1.83037e+00,1.86299e-01,-1.95442e-01
3.56000e+01,2.23053e+01,1.85786e-01,2.15874e+00,1.85851e-01,-1.92106e-01
3.57000e+01,2.23681e+01,1.90018e-01,2.49876e+00,1.85406e-01,-1.88759e-01
3.58000e+01,2.24310e+01,1.95857e-01,2.80442e+00,1.84965e-01,-1.85386e-01
3.59000e+01,2.24938e+01,1.98216e-01,3.10350e+00,1.84529e-01,-1.81939e-01
3.60000e+01,2.25566e+01,2.00151e-01,-2.88447e+00,1.84100e-01,-1.78110e-01
3.61000e+01,2.26195e+01,1.97778e-01,-2.60208e+00,1.83693e-01,-1.78135e-01
3.62000e+01,2.26823e+01,1.88620e-01,-2.29633e+00,1.83302e-01,-1.72839e-01
3.63000e+01,2.27451e+01,1.81133e-01,-1.93831e+00,1.82793e-01,-1.69386e-01
3.64000e+01,2.28080e+01,1.83305e-01,-1.56137e+00,1.82392e-01,-1.65971e-01
3.65000e+01,2.28708e+01,1.92488e-01,-1.22057e+00,1.81987e-01,-1.62601e-01
3.66000e+01,2.29336e+01,1.99610e-01,-9.12605e-01,1.81588e-01,-1.59241e-01
3.67000e+01,2.29965e+01,2.05248e-01,-6.06690e-01,1.81202e-01,-1.55867e-01
3.68000e+01,2.30593e+01,2.12002e-01,-3.18302e-01,1.80852e-01,-1.52429e-01
3.69000e+01,2.31221e+01,2.14402e-01,-5.56606e-02,1.80874e-01,-1.48413e-01
3.70000e+01,2.31850e+01,2.08213e-01,2.02474e-01,1.79675e-01,-1.46835e-01
3.71000e+01,2.32478e+01,1.94576e-01,4.92057e-01,1.79437e-01,-1.43035e-01
3.72000e+01,2.33106e+01,1.82169e-01,8.34724e-01,1.79085e-01,-1.39637e-01
3.73000e+01,2.33734e+01,1.77877e-01,1.20451e+00,1.78729e-01,-1.36122e-01
3.74000e+01,2.34363e+01,1.80808e-01,1.55139e+00,1.78363e-01,-1.32789e-01
3.75000e+01,2.34991e+01,1.81178e-01,1.85530e+00,1.78016e-01,-1.29341e-01
3.76000e+01,2.35619e+01,1.72554e-01,2.17402e+00,1.77803e-01,-1.25177e-01
3.77000e+01,2.36248e+01,1.66129e-01,2.55887e+00,1.77025e-01,-1.23932e-01
3.78000e+01,2.36876e+01,1.71636e-01,2.94704e+00,1.76775e-01,-1.20026e-01
3.79000e+01,2.37504e+01,1.80891e-01,-2.99775e+00,1.76442e-01,-1.16559e-01
3.80000e+01,2.38133e+01,1.87426e-01,-2.68338e+00,1.76114e-01,-1.13116e-01
3.81000e+01,2.38761e+01,1.92236e-01,-2.37226e+00,1.75959e-01,-1.09264e-01
3.82000e+01,2.39389e+01,1.96618e-01,-2.06647e+00,1.75172e-01,-1.06893e-01
3.83000e+01,2.40018e+01,2.00520e-01,-1.76816e+00,1.74752e-01,-1.03209e-01
3.84000e+01,2.40646e+01,2.02344e-01,-1.48283e+00,1.74557e-01,-9.97606e-02
3.85000e+01,2.41274e+01,1.99670e-01,-1.19713e+00,1.73393e-01,-9.67023e-02
3.86000e+01,2.41903e+01,1.94977e-01,-8.92932e-01,1.74154e-01,-9.36882e-02
3.87000e+01,2.42531e+01,1.93033e-01,-5.82194e-01,1.73728e-01,-9.02496e-02
3.88000e+01,2.43159e+01,1.89877e-01,-2.92288e-01,1.73372e-01,-8.68643e-02
3.89000e+01,2.43788e+01,1.80289e-01,6.90248e-03,1.73037e-01,-8.34855e-02
3.90000e+01,2.44416e+01,1.70508e-01,3.43390e-01,1.72720e-01,-8.00865e-02
3.91000e+01,2.45044e+01,1.63953e-01,6.97903e-01,1.72433e-01,-7.66181e-02
3.92000e+01,2.45673e+01,1.59920e-01,1.06585e+00,1.72331e-01,-7.26646e-02
3.93000e+01,2.46301e+01,1.60709e-01,1.43825e+00,1.71928e-01,-6.93139e-02
3.94000e+01,2.46929e+01,1.64758e-01,1.78704e+00,1.71160e-01,-6.75673e-02
3.95000e+01,2.47558e+01,1.67455e-01,2.11647e+00,1.71064e-01,-6.33738e-02
3.96000e+01,2.48186e+01,1.69088e-01,2.44851e+00,1.71349e-01,-5.76557e-02
3.97000e+01,2.48814e+01,1.72684e-01,2.77587e+00,1.69791e-01,-5.96644e-02
3.98000e+01,2.49442e+01,1.75381e-01,3.07570e+00,1.69771e-01,-5.45457e-02
3.99000e+01,2.50071e+01,1.71370e-01,-2.91234e+00,1.69974e-01,-5.47641e-02
4.00000e+01,2.50699e+01,1.64005e-01,-2.58137e+00,1.69314e-01,-4.83964e-02
4.01000e+01,2.51327e+01,1.59631e-01,-2.21789e+00,1.69021e-01,-4.48435e-02
4.02000e+01,2.51956e+01,1.60361e-01,-1.84152e+00,1.68730e-01,-4.14227e-02
4.03000e+01,2.52584e+01,1.67772e-01,-1.48516e+00,1.68440e-01,-3.80465e-02
4.04000e+01,2.53212e+01,1.74882e-01,-1.18305e+00,1.68151e-01,-3.46905e-02
4.05000e+01,2.53841e+01,1.72601e-01,-8.96892e-01,1.67863e-01,-3.13441e-02
4.06000e+01,2.54469e+01,1.63780e-01,-5.65003e-01,1.67577e-01,-2.80005e-02
4.07000e+01,2.55097e+01,1.59321e-01,-1.69235e-01,1.67294e-01,-2.46535e-02
4.08000e+01,2.55726e+01,1.67166e-01,2.33387e-01,1.67013e-01,-2.12954e-02
4.09000e+01,2.56354e+01,1.82350e-01,5.75728e-01,1.66735e-01,-1.79123e-02
4.10000e+01,2.56982e+01,1.93879e-01,8.63178e-01,1.66462e-01,-1.44717e-02
4.11000e+01,2.57611e+01,1.96171e-01,1.14317e+00,1.66197e-01,-1.08619e-02
4.12000e+01,2.58239e+01,1.92991e-01,1.45898e+00,1.65971e-01,-6.24235e-03
4.13000e+01,2.58867e+01,1.94506e-01,1.81864e+00,1.65507e-01,-8.31111e-03
4.14000e+01,2.59496e+01,2.08173e-01,2.16838e+00,1.65321e-01,-2.65813e-03
4.15000e+01,2.60124e+01,2.26253e-01,2.45439e+00,1.65069e-01,1.04602e-03
4.16000e+01,2.60752e+01,2.35494e-01,2.70006e+00,1.64809e-01,4.54341e-03
4.17000e+01,2.61381e+01,2.35159e-01,2.95639e+00,1.64548e-01,8.02401e-03
4.18000e+01,2.62009e+01,2.33364e-01,-3.05278e+00,1.64274e-01,1.17493e-02
4.19000e+01,2.62637e+01,2.31025e-01,-2.78078e+00,1.64204e-01,1.20640e-02
4.20000e+01,2.63265e+01,2.25383e-01,-2.51291e+00,1.63833e-01,1.72905e-02
4.21000e+01,2.63894e+01,2.14739e-01,-2.23801e+00,1.63581e-01,2.07680e-02
4.22000e+01,2.64522e+01,2.00736e-01,-1.93544e+00,1.63340e-01,2.40814e-02
4.23000e+01,2.65150e+01,1.89917e-01,-1.59503e+00,1.63056e-01,2.69357e-02
4.24000e+01,2.65779e+01,1.85434e-01,-1.25064e+00,1.63713e-01,3.02705e-02
4.25000e+01,2.66407e+01,1.82727e-01,-9.15008e-01,1.64311e-01,3.57646e-02
4.26000e+01,2.67035e+01,1.82202e-01,-5.88044e-01,1.61810e-01,3.67414e-02
4.27000e+01,2.67664e+01,1.80900e-01,-2.85944e-01,1.61832e-01,4.05391e-02
4.28000e+01,2.68292e+01,1.74302e-01,5.60544e-03,1.61664e-01,4.39393e-02
4.29000e+01,2.68920e+01,1.62475e-01,3.12702e-01,1.61460e-01,4.72494e-02
4.30000e+01,2.69549e+01,1.48058e-01,6.59275e-01,1.61238e-01,5.05073e-02
4.31000e+01,2.70177e+01,1.35436e-01,1.06427e+00,1.60903e-01,5.53731e-02
4.32000e+01,2.70805e+01,1.31021e-01,1.53122e+00,1.60777e-01,5.77835e-02
4.33000e+01,2.71434e+01,1.41018e-01,1.98739e+00,1.60550e-01,6.11852e-02
4.34000e+01,2.72062e+01,1.57953e-01,2.34762e+00,1.60223e-01,6.52877e-02
4.35000e+01,2.72690e+01,1.68136e-01,2.65338e+00,1.60021e-01,7.00534e-02
4.36000e+01,2.73319e+01,1.72850e-01,2.97959e+00,1.60330e-01,6.16581e-02
4.37000e+01,2.73947e+01,1.82104e-01,-2.95888e+00,1.59789e-01,7.20454e-02
4.38000e+01,2.74575e+01,1.97085e-01,-2.64987e+00,1.59590e-01,7.62321e-02
4.39000e+01,2.75204e+01,2.09067e-01,-2.38303e+00,1.59598e-01,8.15444e-02
4.40000e+01,2.75832e+01,2.14006e-01,-2.13147e+00,1.58749e-01,8.04353e-02
4.41000e+01,2.76460e+01,2.11573e-01,-1.87416e+00,1.58667e-01,8.48569e-02
4.42000e+01,2.77088e+01,2.04924e-01,-1.59427e+00,1.58437e-01,8.82063e-02
4.43000e+01,2.77717e+01,1.98355e-01,-1.29071e+00,1.58122e-01,9.10323e-02
4.44000e+01,2.78345e+01,1.94825e-01,-9.77039e-01,1.57243e-01,9.06196e-02
4.45000e+01,2.78973e+01,1.93196e-01,-6.78930e-01,1.58597e-01,1.04020e-01
4.46000e+01,2.79602e+01,1.86454e-01,-4.01555e-01,1.56161e-01,9.32151e-02
4.47000e+01,2.80230e+01,1.71493e-01,-9.45877e-02,1.58620e-01,1.10167e-01
4.48000e+01,2.80858e+01,1.59974e-01,2.81908e-01,1.57896e-01,1.11142e-01
4.49000e+01,2.81487e+01,1.59116e-01,6.61369e-01,1.57573e-01,1.13923e-01
4.50000e+01,2.82115e+01,1.59222e-01,9.99309e-01,1.57325e-01,1.17102e-01
4.51000e+01,2.82743e+01,1.54843e-01,1.33753e+00,1.59248e-01,1.14019e-01
4.52000e+01,2.83372e+01,1.50421e-01,1.70159e+00,1.56835e-01,1.23077e-01
4.53000e+01,2.84000e+01,1.47836e-01,2.08157e+00,1.56657e-01,1.26433e-01
4.54000e+01,2.84628e+01,1.48663e-01,2.48022e+00,1.56467e-01,1.29776e-01
4.55000e+01,2.85257e+01,1.55882e-01,2.87632e+00,1.56274e-01,1.33181e-01
4.56000e+01,2.85885e+01,1.68229e-01,-3.04529e+00,1.56060e-01,1.36888e-01
4.57000e+01,2.86513e+01,1.80608e-01,-2.72151e+00,1.56272e-01,1.36343e-01
4.58000e+01,2.87142e+01,1.90337e-01,-2.40916e+00,1.55843e-01,1.42295e-01
4.59000e+01,2.87770e+01,2.01410e-01,-2.09690e+00,1.55682e-01,1.45890e-01
4.60000e+01,2.88398e+01,2.14572e-01,-1.81751e+00,1.55599e-01,1.49478e-01
4.61000e+01,2.89027e+01,2.19270e-01,-1.56932e+00,1.56394e-01,1.54831e-01
4.62000e+01,2.89655e+01,2.13467e-01,-1.29710e+00,1.54676e-01,1.54963e-01
4.63000e+01,2.90283e+01,2.08344e-01,-9.79238e-01,1.54705e-01,1.58716e-01
4.64000e+01,2.90911e+01,2.09416e-01,-6.56078e-01,1.54594e-01,1.62173e-01
4.65000e+01,2.91540e+01,2.10845e-01,-3.45710e-01,1.54457e-01,1.65578e-01
4.66000e+01,2.92168e+01,2.11761e-01,-2.90149e-02,1.54313e-01,1.68979e-01
4.67000e+01,2.92796e+01,2.15767e-01,2.90150e-01,1.54168e-01,1.72401e-01
4.68000e+01,2.93425e+01,2.23379e-01,5.94798e-01,1.54033e-01,1.75905e-01
4.69000e+01,2.94053e+01,2.32186e-01,8.68163e-01,1.53972e-01,1.80103e-01
4.70000e+01,2.94681e+01,2.36003e-01,1.10533e+00,1.53570e-01,1.80449e-01
4.71000e+01,2.95310e+01,2.27652e-01,1.32125e+00,1.53547e-01,1.87602e-01
4.72000e+01,2.95938e+01,2.04703e-01,1.56014e+00,1.53418e-01,1.90248e-01
4.73000e+01,2.96566e+01,1.76444e-01,1.87870e+00,1.53406e-01,1.94519e-01
4.74000e+01,2.97195e+01,1.57805e-01,2.29076e+00,1.53044e-01,1.97402e-01
4.75000e+01,2.97823e+01,1.54273e-01,2.72689e+00,1.53006e-01,2.02697e-01
4.76000e+01,2.98451e+01,1.59380e-01,3.12450e+00,1.53322e-01,2.12862e-01
4.77000e+01,2.99080e+01,1.66708e-01,-2.79774e+00,1.51575e-01,2.14132e-01
4.78000e+01,2.99708e+01,1.75815e-01,-2.46525e+00,1.53253e-01,1.74831e-01
4.79000e+01,3.00336e+01,1.84444e-01,-2.17097e+00,1.52446e-01,2.01323e-01
4.80000e+01,3.00965e+01,1.87841e-01,-1.91091e+00,1.52239e-01,2.07771e-01
4.81000e+01,3.01593e+01,1.81124e-01,-1.66383e+00,1.52042e-01,2.11009e-01
4.82000e+01,3.02221e+01,1.64493e-01,-1.38588e+00,1.52034e-01,2.20155e-01
4.83000e+01,3.02850e+01,1.44384e-01,-1.03667e+00,1.51854e-01,2.21948e-01
4.84000e+01,3.03478e+01,1.30688e-01,-5.84128e-01,1.51713e-01,2.25193e-01
4.85000e+01,3.04106e+01,1.34347e-01,-9.75441e-02,1.51581e-01,2.28544e-01
4.86000e+01,3.04734e+01,1.49218e-01,3.00470e-01,1.51454e-01,2.31887e-01
4.87000e+01,3.05363e+01,1.61247e-01,6.22341e-01,1.51332e-01,2.35182e-01
4.88000e+01,3.05991e+01,1.66892e-01,9.37542e-01,1.51225e-01,2.38268e-01
4.89000e+01,3.06619e+01,1.71365e-01,1.26851e+00,1.50407e-01,2.44438e-01
4.90000e+01,3.07248e+01,1.78241e-01,1.60004e+00,1.50976e-01,2.45795e-01
4.91000e+01,3.07876e+01,1.85729e-01,1.91579e+00,1.50872e-01,2.49052e-01
4.92000e+01,3.08504e+01,1.92500e-01,2.22725e+00,1.50548e-01,2.52518e-01
4.93000e+01,3.09133e+01,2.01002e-01,2.52901e+00,1.50972e-01,2.57034e-01
4.94000e+01,3.09761e+01,2.08039e-01,2.80429e+00,1.52552e-01,2.67192e-01
4.95000e+01,3.10389e+01,2.08931e-01,3.06941e+00,1.49062e-01,2.57081e-01
4.96000e+01,3.11018e+01,2.04848e-01,-2.93808e+00,1.49751e-01,2.62480e-01
4.97000e+01,3.11646e+01,1.97702e-01,-2.64703e+00,1.49710e-01,2.66112e-01
4.98000e+01,3.12274e+01,1.89801e-01,-2.33044e+00,1.49596e-01,2.69289e-01
4.99000e+01,3.12903e+01,1.85182e-01,-1.99543e+00,1.49432e-01,2.72136e-01
5.00000e+01,3.13531e+01,1.84193e-01,-1.66699e+00,1.49198e-01,2.74471e-01
5.01000e+01,-3.14159e+01,1.81907e-01,-1.35912e+00,1.48790e-01,2.75433e-01
5.02000e+01,-3.13531e+01,1.73422e-01,-1.04385e+00,1.47347e-01,2.65807e-01
5.03000e+01,-3.12903e+01,1.64610e-01,-6.72293e-01,1.51239e-01,2.85112e-01
5.04000e+01,-3.12274e+01,1.66225e-01,-2.76667e-01,1.47609e-01,2.72438e-01
5.05000e+01,-3.11646e+01,1.74217e-01,7.56975e-02,1.51453e-01,3.14645e-01
5.06000e+01,-3.11018e+01,1.79886e-01,3.91526e-01,1.50277e-01,3.13293e-01
5.07000e+01,-3.10389e+01,1.79950e-01,7.01957e-01,1.49669e-01,2.96605e-01
5.08000e+01,-3.09761e+01,1.77169e-01,1.04846e+00,1.49527e-01,3.05605e-01
5.09000e+01,-3.09133e+01,1.82582e-01,1.42186e+00,1.49370e-01,3.09526e-01
5.10000e+01,-3.08504e+01,1.96175e-01,1.75410e+00,1.49233e-01,3.13013e-01
5.11000e+01,-3.07876e+01,2.07725e-01,2.03668e+00,1.49101e-01,3.16647e-01
5.12000e+01,-3.07248e+01,2.11807e-01,2.30377e+00,1.49121e-01,3.18158e-01
5.13000e+01,-3.06619e+01,2.10619e-01,2.58129e+00,1.48968e-01,3.22545e-01
5.14000e+01,-3.05991e+01,2.07612e-01,2.86918e+00,1.48894e-01,3.26158e-01
5.15000e+01,-3.05363e+01,2.02340e-01,-3.12329e+00,1.48861e-01,3.29928e-01
5.16000e+01,-3.04734e+01,1.93331e-01,-2.81455e+00,1.48932e-01,3.34412e-01
5.17000e+01,-3.04106e+01,1.85128e-01,-2.46584e+00,1.49986e-01,3.45978e-01
5.18000e+01,-3.03478e+01,1.85393e-01,-2.09518e+00,1.47591e-01,3.32349e-01
5.19000e+01,-3.02850e+01,1.92454e-01,-1.75539e+00,1.47975e-01,3.39161e-01
5.20000e+01,-3.02221e+01,1.98502e-01,-1.44769e+00,1.48010e-01,3.43385e-01
5.21000e+01,-3.01593e+01,2.02248e-01,-1.15295e+00,1.47983e-01,3.47224e-01
5.22000e+01,-3.00965e+01,2.03020e-01,-8.70249e-01,1.47933e-01,3.51130e-01
5.23000e+01,-3.00336e+01,1.98894e-01,-5.90055e-01,1.47838e-01,3.56276e-01
5.24000e+01,-2.99708e+01,1.89931e-01,-2.92990e-01,1.47865e-01,3.53047e-01
5.25000e+01,-2.99080e+01,1.80376e-01,4.07001e-02,1.47794e-01,3.58661e-01
5.26000e+01,-2.98451e+01,1.77101e-01,4.03389e-01,1.47859e-01,3.66006e-01
5.27000e+01,-2.97823e+01,1.81310e-01,7.42376e-01,1.51955e-01,3.70270e-01
5.28000e+01,-2.97195e+01,1.83389e-01,1.03820e+00,1.47332e-01,3.60172e-01
5.29000e+01,-2.96566e+01,1.79087e-01,1.33221e+00,1.47389e-01,3.69520e-01
5.30000e+01,-2.95938e+01,1.72523e-01,1.64387e+00,1.47356e-01,3.73853e-01
5.31000e+01,-2.95310e+01,1.65892e-01,1.96635e+00,1.47304e-01,3.77498e-01
5.32000e+01,-2.94681e+01,1.57652e-01,2.29601e+00,1.47246e-01,3.80881e-01
5.33000e+01,-2.94053e+01,1.48112e-01,2.66335e+00,1.47182e-01,3.84083e-01
5.34000e+01,-2.93425e+01,1.45756e-01,3.07039e+00,1.47110e-01,3.87044e-01
5.35000e+01,-2.92796e+01,1.50210e-01,-2.83897e+00,1.47020e-01,3.89390e-01
5.36000e+01,-2.92168e+01,1.53150e-01,-2.48961e+00,1.46802e-01,3.87470e-01
5.37000e+01,-2.91540e+01,1.56290e-01,-2.14308e+00,1.47108e-01,4.07277e-01
5.38000e+01,-2.90911e+01,1.58174e-01,-1.80661e+00,1.46887e-01,4.05589e-01
5.39000e+01,-2.90283e+01,1.59203e-01,-1.45129e+00,1.46595e-01,4.10053e-01
5.40000e+01,-2.89655e+01,1.65979e-01,-1.09319e+00,1.47945e-01,3.97787e-01
5.41000e+01,-2.89027e+01,1.74554e-01,-7.82493e-01,1.47075e-01,4.09292e-01
5.42000e+01,-2.88398e+01,1.74251e-01,-4.88343e-01,1.46935e-01,4.13162e-01
5.43000e+01,-2.87770e+01,1.70056e-01,-1.39861e-01,1.46895e-01,4.15774e-01
5.44000e+01,-2.87142e+01,1.75172e-01,2.40743e-01,1.45193e-01,4.25258e-01
5.45000e+01,-2.86513e+01,1.88712e-01,5.79283e-01,1.46594e-01,4.24701e-01
5.46000e+01,-2.85885e+01,1.99969e-01,8.69666e-01,1.47429e-01,4.26975e-01
5.47000e+01,-2.85257e+01,2.05064e-01,1.15090e+00,1.45624e-01,4.29060e-01
5.48000e+01,-2.84628e+01,2.06239e-01,1.44262e+00,1.46860e-01,4.35376e-01
5.49000e+01,-2.84000e+01,2.07329e-01,1.74821e+00,1.46632e-01,4.39413e-01
5.50000e+01,-2.83372e+01,2.09959e-01,2.05306e+00,1.46080e-01,4.46129e-01
5.51000e+01,-2.82743e+01,2.12518e-01,2.34785e+00,1.46580e-01,4.64040e-01
5.52000e+01,-2.82115e+01,2.11666e-01,2.63380e+00,1.45162e-01,4.17654e-01
5.53000e+01,-2.81487e+01,2.05848e-01,2.93740e+00,1.45750e-01,4.35138e-01
5.54000e+01,-2.80858e+01,2.03813e-01,-3.00432e+00,1.45586e-01,4.39572e-01
5.55000e+01,-2.80230e+01,2.11571e-01,-2.67918e+00,1.45186e-01,4.40476e-01
5.56000e+01,-2.79602e+01,2.19096e-01,-2.40502e+00,1.47111e-01,4.29349e-01
5.57000e+01,-2.78973e+01,2.18201e-01,-2.15476e+00,1.41531e-01,3.82965e-01
5.58000e+01,-2.78345e+01,2.07953e-01,-1.90038e+00,1.48547e-01,5.04532e-01
5.59000e+01,-2.77717e+01,1.91200e-01,-1.61092e+00,1.40722e-01,4.48440e-01
5.60000e+01,-2.77088e+01,1.75476e-01,-1.27304e+00,1.49573e-01,4.93972e-01
5.61000e+01,-2.76460e+01,1.64435e-01,-8.98994e-01,1.48046e-01,4.87614e-01
5.62000e+01,-2.75832e+01,1.60363e-01,-5.00671e-01,1.47561e-01,4.86599e-01
5.63000e+01,-2.75204e+01,1.64868e-01,-1.20297e-01,1.47325e-01,4.83637e-01
5.64000e+01,-2.74575e+01,1.70255e-01,2.07026e-01,1.47039e-01,5.00922e-01
5.65000e+01,-2.73947e+01,1.68585e-01,5.17692e-01,1.46985e-01,4.97723e-01
5.66000e+01,-2.73319e+01,1.62010e-01,8.65160e-01,1.46906e-01,4.99532e-01
5.67000e+01,-2.72690e+01,1.60757e-01,1.26346e+00,1.46837e-01,5.02272e-01
5.68000e+01,-2.72062e+01,1.69466e-01,1.65071e+00,1.46770e-01,5.05854e-01
5.69000e+01,-2.71434e+01,1.83062e-01,2.00126e+00,1.46602e-01,5.12940e-01
5.70000e+01,-2.70805e+01,2.00587e-01,2.30833e+00,1.46736e-01,5.00877e-01
5.71000e+01,-2.70177e+01,2.15245e-01,2.55743e+00,1.46679e-01,5.09322e-01
5.72000e+01,-2.69549e+01,2.17390e-01,2.77731e+00,1.46614e-01,5.13419e-01
5.73000e+01,-2.68920e+01,2.05369e-01,3.01768e+00,1.46510e-01,5.17066e-01
5.74000e+01,-2.68292e+01,1.88358e-01,-2.95859e+00,1.46197e-01,5.21185e-01
5.75000e+01,-2.67664e+01,1.79308e-01,-2.59790e+00,1.51144e-01,5.08916e-01
5.76000e+01,-2.67035e+01,1.78548e-01,-2.24269e+00,1.47322e-01,5.23398e-01
5.77000e+01,-2.66407e+01,1.79763e-01,-1.91056e+00,1.47319e-01,5.25286e-01
5.78000e+01,-2.65779e+01,1.79189e-01,-1.59045e+00,1.45436e-01,5.41270e-01
5.79000e+01,-2.65150e+01,1.77714e-01,-1.25857e+00,1.46561e-01,5.36954e-01
5.80000e+01,-2.64522e+01,1.80111e-01,-9.26941e-01,1.46627e-01,5.39286e-01
5.81000e+01,-2.63894e+01,1.83818e-01,-6.26055e-01,1.46600e-01,5.42141e-01
5.82000e+01,-2.63265e+01,1.82299e-01,-3.54529e-01,1.47310e-01,5.42549e-01
5.83000e+01,-2.62637e+01,1.71847e-01,-7.98519e-02,1.46803e-01,5.47379e-01
5.84000e+01,-2.62009e+01,1.54894e-01,2.39524e-01,1.46761e-01,5.50208e-01
5.85000e+01,-2.61381e+01,1.39773e-01,6.46187e-01,1.46734e-01,5.52805e-01
5.86000e+01,-2.60752e+01,1.37579e-01,1.11084e+00,1.46690e-01,5.54964e-01
5.87000e+01,-2.60124e+01,1.49127e-01,1.53822e+00,1.46387e-01,5.56454e-01
5.88000e+01,-2.59496e+01,1.65627e-01,1.87395e+00,1.44907e-01,5.44028e-01
5.89000e+01,-2.58867e+01,1.74670e-01,2.14964e+00,1.47887e-01,5.75072e-01
5.90000e+01,-2.58239e+01,1.73340e-01,2.43493e+00,1.47452e-01,5.71951e-01
5.91000e+01,-2.57611e+01,1.69699e-01,2.75870e+00,1.47445e-01,5.71663e-01
5.92000e+01,-2.56982e+01,1.68235e-01,3.10002e+00,1.47791e-01,5.64461e-01
5.93000e+01,-2.56354e+01,1.67736e-01,-2.83856e+00,1.46662e-01,6.04384e-01
5.94000e+01,-2.55726e+01,1.67676e-01,-2.47889e+00,1.47163e-01,5.94101e-01
5.95000e+01,-2.55097e+01,1.72839e-01,-2.10644e+00,1.47471e-01,5.92936e-01
5.96000e+01,-2.54469e+01,1.82583e-01,-1.76116e+00,1.44296e-01,6.07758e-01
5.97000e+01,-2.53841e+01,1.91212e-01,-1.42989e+00,1.47615e-01,6.21466e-01
5.98000e+01,-2.53212e+01,2.02700e-01,-1.09654e+00,1.43275e-01,5.78926e-01
5.99000e+01,-2.52584e+01,2.19889e-01,-7.87994e-01,1.43957e-01,5.92650e-01
6.00000e+01,-2.51956e+01,2.37812e-01,-5.27488e-01,1.46679e-01,5.96989e-01
6.01000e+01,-2.51327e+01,2.47053e-01,-3.05465e-01,1.46914e-01,5.99686e-01
6.02000e+01,-2.50699e+01,2.41459e-01,-8.72203e-02,1.46105e-01,6.07909e-01
6.03000e+01,-2.50071e+01,2.24403e-01,1.75235e-01,1.46643e-01,6.07302e-01
6.04000e+01,-2.49442e+01,2.09772e-01,5.05138e-01,1.46669e-01,6.09201e-01
6.05000e+01,-2.48814e+01,2.07113e-01,8.60335e-01,1.46601e-01,6.10819e-01
6.06000e+01,-2.48186e+01,2.12520e-01,1.18445e+00,1.46411e-01,6.11677e-01
6.07000e+01,-2.47558e+01,2.16648e-01,1.46960e+00,1.45953e-01,6.10825e-01
6.08000e+01,-2.46929e+01,2.14470e-01,1.73700e+00,1.44518e-01,6.04448e-01
6.09000e+01,-2.46301e+01,2.05164e-01,2.01382e+00,1.24332e-01,4.87765e-01
6.10000e+01,-2.45673e+01,1.94317e-01,2.32385e+00,1.54530e-01,6.31601e-01
6.11000e+01,-2.45044e+01,1.88164e-01,2.64802e+00,1.45772e-01,6.70150e-01
6.12000e+01,-2.44416e+01,1.83574e-01,2.95098e+00,1.45256e-01,6.06704e-01
6.13000e+01,-2.43788e+01,1.73803e-01,-3.04455e+00,1.48907e-01,6.96794e-01
6.14000e+01,-2.43159e+01,1.56725e-01,-2.73723e+00,1.48630e-01,6.69776e-01
6.15000e+01,-2.42531e+01,1.37107e-01,-2.35331e+00,1.48582e-01,6.65588e-01
6.16000e+01,-2.41903e+01,1.26979e-01,-1.87395e+00,1.48576e-01,6.65113e-01
6.17000e+01,-2.41274e+01,1.32864e-01,-1.38826e+00,1.48589e-01,6.65981e-01
6.18000e+01,-2.40646e+01,1.47622e-01,-9.89294e-01,1.48611e-01,6.67484e-01
6.19000e+01,-2.40018e+01,1.59573e-01,-6.49329e-01,1.48617e-01,6.69404e-01
6.20000e+01,-2.39389e+01,1.69598e-01,-3.07303e-01,1.49792e-01,6.70189e-01
6.21000e+01,-2.38761e+01,1.84779e-01,2.30509e-02,1.49422e-01,6.70232e-01
6.22000e+01,-2.38133e+01,2.02118e-01,2.98623e-01,1.46960e-01,6.83111e-01
6.23000e+01,-2.37504e+01,2.11230e-01,5.33569e-01,1.48332e-01,6.78537e-01
6.24000e+01,-2.36876e+01,2.09334e-01,7.66932e-01,1.48361e-01,6.79085e-01
6.25000e+01,-2.36248e+01,1.98663e-01,1.02382e+00,1.48105e-01,6.77799e-01
6.26000e+01,-2.35619e+01,1.84163e-01,1.32391e+00,1.46014e-01,6.53597e-01
6.27000e+01,-2.34991e+01,1.71426e-01,1.67226e+00,1.49215e-01,7.04529e-01
6.28000e+01,-2.34363e+01,1.65287e-01,2.06384e+00,1.28575e-01,6.44819e-01
6.29000e+01,-2.33734e+01,1.70347e-01,2.45335e+00,1.51685e-01,7.05324e-01
6.30000e+01,-2.33106e+01,1.80196e-01,2.78960e+00,1.50859e-01,7.05016e-01
6.31000e+01,-2.32478e+01,1.87123e-01,3.09108e+00,1.50672e-01,7.06436e-01
6.32000e+01,-2.31850e+01,1.90386e-01,-2.90219e+00,1.50656e-01,7.08333e-01
6.33000e+01,-2.31221e+01,1.89951e-01,-2.61794e+00,1.50726e-01,7.10394e-01
6.34000e+01,-2.30593e+01,1.85243e-01,-2.32950e+00,1.50865e-01,7.12448e-01
6.35000e+01,-2.29965e+01,1.77701e-01,-2.02386e+00,1.51106e-01,7.14263e-01
6.36000e+01,-2.29336e+01,1.69615e-01,-1.70094e+00,1.51710e-01,7.14673e-01
6.37000e+01,-2.28708e+01,1.60369e-01,-1.35999e+00,1.43966e-01,7.29702e-01
6.38000e+01,-2.28080e+01,1.51391e-01,-9.75880e-01,1.50350e-01,7.25671e-01
6.39000e+01,-2.27451e+01,1.50811e-01,-5.40341e-01,1.51279e-01,7.23045e-01
6.40000e+01,-2.26823e+01,1.65716e-01,-1.39988e-01,1.52114e-01,7.24660e-01
6.41000e+01,-2.26195e+01,1.82001e-01,1.54693e-01,1.54493e-01,7.28618e-01
6.42000e+01,-2.25566e+01,1.84534e-01,4.17769e-01,1.41796e-01,7.66288e-01
6.43000e+01,-2.24938e+01,1.78691e-01,7.28926e-01,1.49381e-01,7.30350e-01
6.44000e+01,-2.24310e+01,1.77343e-01,1.08414e+00,1.51180e-01,7.01506e-01
6.45000e+01,-2.23681e+01,1.81786e-01,1.43242e+00,1.48984e-01,7.90184e-01
6.46000e+01,-2.23053e+01,1.87876e-01,1.76615e+00,1.50468e-01,7.60097e-01
6.47000e+01,-2.22425e+01,1.94943e-01,2.08512e+00,1.51354e-01,7.51987e-01
6.48000e+01,-2.21796e+01,2.00248e-01,2.38991e+00,1.48768e-01,7.71247e-01
6.49000e+01,-2.21168e+01,2.03398e-01,2.69797e+00,1.50688e-01,7.60618e-01
6.50000e+01,-2.20540e+01,2.06926e-01,3.00994e+00,1.51169e-01,7.55415e-01
6.51000e+01,-2.19911e+01,2.11566e-01,-2.96174e+00,1.39889e-01,7.61048e-01
6.52000e+01,-2.19283e+01,2.17912e-01,-2.66045e+00,1.50972e-01,7.64335e-01
6.53000e+01,-2.18655e+01,2.23380e-01,-2.37699e+00,1.51248e-01,7.63956e-01
6.54000e+01,-2.18027e+01,2.25349e-01,-2.10562e+00,1.51353e-01,7.63250e-01
6.55000e+01,-2.17398e+01,2.21782e-01,-1.83674e+00,1.51321e-01,7.61353e-01
6.56000e+01,-2.16770e+01,2.13684e-01,-1.54531e+00,1.50588e-01,7.56540e-01
6.57000e+01,-2.16142e+01,2.08558e-01,-1.22694e+00,1.48881e-01,7.29811e-01
6.58000e+01,-2.15513e+01,2.09501e-01,-9.18008e-01,1.05447e-01,5.53719e-01
6.59000e+01,-2.14885e+01,2.08777e-01,-6.47925e-01,1.58226e-01,7.77126e-01
6.60000e+01,-2.14257e+01,1.98125e-01,-3.86716e-01,1.42615e-01,7.44491e-01
6.61000e+01,-2.13628e+01,1.80837e-01,-8.77953e-02,1.54491e-01,6.83291e-01
6.62000e+01,-2.13000e+01,1.65536e-01,2.65443e-01,1.58192e-01,7.69721e-01
6.63000e+01,-2.12372e+01,1.56884e-01,6.46754e-01,1.68227e-01,5.82789e-01
6.64000e+01,-2.11743e+01,1.52551e-01,1.03067e+00,1.53577e-01,1.09124e+00
6.65000e+01,-2.11115e+01,1.51964e-01,1.42403e+00,1.53243e-01,9.14746e-01
6.66000e+01,-2.10487e+01,1.58436e-01,1.79974e+00,1.53915e-01,8.79644e-01
6.67000e+01,-2.09858e+01,1.65795e-01,2.11744e+00,1.54424e-01,8.65413e-01
6.68000e+01,-2.09230e+01,1.64905e-01,2.41412e+00,1.54898e-01,8.58131e-01
6.69000e+01,-2.08602e+01,1.59164e-01,2.74769e+00,1.55435e-01,8.53802e-01
6.70000e+01,-2.07973e+01,1.56785e-01,3.11840e+00,1.56221e-01,8.50431e-01
6.71000e+01,-2.07345e+01,1.60865e-01,-2.79406e+00,1.58244e-01,8.44533e-01
6.72000e+01,-2.06717e+01,1.68500e-01,-2.45518e+00,1.43538e-01,8.90317e-01
6.73000e+01,-2.06088e+01,1.74779e-01,-2.14765e+00,1.53817e-01,8.58531e-01
6.74000e+01,-2.05460e+01,1.77065e-01,-1.85595e+00,1.55175e-01,8.55285e-01
6.75000e+01,-2.04832e+01,1.73482e-01,-1.56162e+00,1.56120e-01,8.52881e-01
6.76000e+01,-2.04204e+01,1.67011e-01,-1.23455e+00,1.57348e-01,8.48169e-01
6.77000e+01,-2.03575e+01,1.63113e-01,-8.83528e-01,1.60987e-01,8.27939e-01
6.78000e+01,-2.02947e+01,1.60427e-01,-5.26656e-01,1.44805e-01,9.40401e-01
6.79000e+01,-2.02319e+01,1.58662e-01,-1.41335e-01,1.53516e-01,8.82549e-01
6.80000e+01,-2.01690e+01,1.66477e-01,2.68600e-01,1.54993e-01,8.74962e-01
6.81000e+01,-2.01062e+01,1.85959e-01,6.21710e-01,1.55770e-01,8.71014e-01
6.82000e+01,-2.00434e+01,2.04401e-01,9.01348e-01,1.58062e-01,8.63722e-01
6.83000e+01,-1.99805e+01,2.15062e-01,1.15243e+00,1.59015e-01,8.56753e-01
6.84000e+01,-1.99177e+01,2.18148e-01,1.39860e+00,1.29950e-01,8.59825e-01
6.85000e+01,-1.98549e+01,2.14309e-01,1.64955e+00,1.55297e-01,8.69080e-01
6.86000e+01,-1.97920e+01,2.04167e-01,1.91842e+00,1.52683e-01,7.79968e-01
6.87000e+01,-1.97292e+01,1.91193e-01,2.22149e+00,1.61000e-01,9.25907e-01
6.88000e+01,-1.96664e+01,1.79914e-01,2.55819e+00,1.59683e-01,9.23938e-01
6.89000e+01,-1.96035e+01,1.71696e-01,2.92265e+00,1.59890e-01,9.09068e-01
6.90000e+01,-1.95407e+01,1.69525e-01,-2.97359e+00,1.51044e-01,8.73888e-01
6.91000e+01,-1.94779e+01,1.74826e-01,-2.60006e+00,1.62951e-01,9.08982e-01
6.92000e+01,-1.94150e+01,1.81920e-01,-2.25998e+00,1.64821e-01,9.04663e-01
6.93000e+01,-1.93522e+01,1.87995e-01,-1.92995e+00,1.70804e-01,8.89553e-01
6.94000e+01,-1.92894e+01,1.96380e-01,-1.60809e+00,4.60098e-02,9.42721e-01
6.95000e+01,-1.92265e+01,2.05254e-01,-1.31791e+00,1.50310e-01,9.10356e-01
6.96000e+01,-1.91637e+01,2.08094e-01,-1.05044e+00,1.53732e-01,9.08095e-01
6.97000e+01,-1.91009e+01,2.03117e-01,-7.74873e-01,1.57409e-01,9.05504e-01
6.98000e+01,-1.90381e+01,1.94900e-01,-4.62351e-01,1.59022e-01,9.02732e-01
6.99000e+01,-1.89752e+01,1.92347e-01,-1.21063e-01,1.60842e-01,9.05728e-01
7.00000e+01,-1.89124e+01,1.95251e-01,2.01347e-01,1.62069e-01,8.75579e-01
7.01000e+01,-1.88496e+01,1.96880e-01,4.96124e-01,1.64785e-01,8.58284e-01
7.02000e+01,-1.87867e+01,1.93370e-01,7.77996e-01,1.72695e-01,8.05729e-01
7.03000e+01,-1.87239e+01,1.83849e-01,1.06943e+00,1.20737e-01,3.88624e-01
7.04000e+01,-1.86611e+01,1.70248e-01,1.39024e+00,1.60804e-01,1.28567e+00
7.05000e+01,-1.85982e+01,1.55652e-01,1.77037e+00,1.60117e-01,1.11885e+00
7.06000e+01,-1.85354e+01,1.50697e-01,2.22743e+00,1.57272e-01,9.99060e-01
7.07000e+01,-1.84726e+01,1.63762e-01,2.67068e+00,1.58988e-01,9.92361e-01
7.08000e+01,-1.84097e+01,1.85207e-01,3.02195e+00,1.60052e-01,9.84016e-01
7.09000e+01,-1.83469e+01,2.04251e-01,-2.96854e+00,1.60968e-01,9.77424e-01
7.10000e+01,-1.82841e+01,2.19898e-01,-2.70173e+00,1.61884e-01,9.71435e-01
7.11000e+01,-1.82212e+01,2.31597e-01,-2.46400e+00,1.62952e-01,9.64529e-01
7.12000e+01,-1.81584e+01,2.33148e-01,-2.24714e+00,1.64582e-01,9.53472e-01
7.13000e+01,-1.80956e+01,2.22976e-01,-2.01957e+00,1.69706e-01,9.21890e-01
7.14000e+01,-1.80327e+01,2.06439e-01,-1.75681e+00,1.19795e-01,8.94578e-01
7.15000e+01,-1.79699e+01,1.89276e-01,-1.45527e+00,1.62968e-01,1.02101e+00
7.16000e+01,-1.79071e+01,1.74910e-01,-1.11229e+00,1.63746e-01,9.94035e-01
7.17000e+01,-1.78442e+01,1.69192e-01,-7.46089e-01,1.64846e-01,9.82038e-01
7.18000e+01,-1.77814e+01,1.68945e-01,-4.20637e-01,1.66047e-01,9.72464e-01
7.19000e+01,-1.77186e+01,1.62060e-01,-1.32789e-01,1.67325e-01,9.62980e-01
7.20000e+01,-1.76558e+01,1.45989e-01,1.88476e-01,1.69103e-01,9.49977e-01
7.21000e+01,-1.75929e+01,1.32507e-01,5.98106e-01,1.71562e-01,9.31575e-01
7.22000e+01,-1.75301e+01,1.29835e-01,1.03009e+00,1.74355e-01,8.95765e-01
7.23000e+01,-1.74673e+01,1.30481e-01,1.43305e+00,1.84005e-01,8.53615e-01
7.24000e+01,-1.74044e+01,1.32302e-01,1.84022e+00,2.16809e-01,7.24823e-01
7.25000e+01,-1.73416e+01,1.38334e-01,2.23919e+00,1.02722e-01,1.96522e-01
7.26000e+01,-1.72788e+01,1.46005e-01,2.61595e+00,1.72728e-01,1.69099e+00
7.27000e+01,-1.72159e+01,1.54939e-01,2.98874e+00,1.56706e-01,1.31324e+00
7.28000e+01,-1.71531e+01,1.68306e-01,-2.93245e+00,1.58117e-01,1.21145e+00
7.29000e+01,-1.70903e+01,1.86205e-01,-2.60424e+00,1.59872e-01,1.16501e+00
7.30000e+01,-1.70274e+01,2.04072e-01,-2.32204e+00,1.61442e-01,1.13775e+00
7.31000e+01,-1.69646e+01,2.15613e-01,-2.06322e+00,1.63040e-01,1.11767e+00
7.32000e+01,-1.69018e+01,2.21342e-01,-1.80172e+00,1.66930e-01,1.09597e+00
7.33000e+01,-1.68389e+01,2.23133e-01,-1.53408e+00,1.62568e-01,1.13393e+00
7.34000e+01,-1.67761e+01,2.21951e-01,-1.25249e+00,1.64958e-01,1.10576e+00
7.35000e+01,-1.67133e+01,2.22158e-01,-9.60019e-01,1.67261e-01,1.09394e+00
7.36000e+01,-1.66504e+01,2.22492e-01,-6.79435e-01,1.65382e-01,1.08910e+00
7.37000e+01,-1.65876e+01,2.18331e-01,-4.04520e-01,1.43328e-01,1.02659e+00
7.38000e+01,-1.65248e+01,2.08982e-01,-1.14803e-01,1.68095e-01,1.05148e+00
7.39000e+01,-1.64619e+01,1.98863e-01,2.11695e-01,1.72351e-01,9.95415e-01
7.40000e+01,-1.63991e+01,1.95061e-01,5.65792e-01,1.92749e-01,6.96837e-01
7.41000e+01,-1.63363e+01,1.98713e-01,9.08786e-01,1.61170e-01,1.53920e+00
7.42000e+01,-1.62734e+01,2.04536e-01,1.21669e+00,1.64120e-01,1.26521e+00
7.43000e+01,-1.62106e+01,2.06363e-01,1.49989e+00,1.67506e-01,1.21108e+00
7.44000e+01,-1.61478e+01,2.03303e-01,1.77892e+00,1.71869e-01,1.18524e+00
7.45000e+01,-1.60850e+01,1.95714e-01,2.06120e+00,1.86101e-01,1.14231e+00
7.46000e+01,-1.60221e+01,1.83397e-01,2.36278e+00,7.23373e-02,1.77529e+00
7.47000e+01,-1.59593e+01,1.70705e-01,2.70664e+00,1.48176e-01,1.66819e+00
7.48000e+01,-1.58965e+01,1.63286e-01,3.08203e+00,1.91173e-01,8.02155e-01
7.49000e+01,-1.58336e+01,1.61069e-01,-2.82273e+00,1.71261e-01,9.88490e-01
7.50000e+01,-1.57708e+01,1.61693e-01,-2.44856e+00,1.69153e-01,1.01083e+00
7.51000e+01,-1.57080e+01,1.66040e-01,-2.07658e+00,1.68577e-01,9.87289e-01
7.52000e+01,-1.56451e+01,1.75408e-01,-1.73178e+00,1.68313e-01,8.86709e-01
7.53000e+01,-1.55823e+01,1.83658e-01,-1.43437e+00,2.32987e-01,1.18572e-03
7.54000e+01,-1.55195e+01,1.84145e-01,-1.15332e+00,2.00290e-01,1.57949e+00
7.55000e+01,-1.54566e+01,1.78937e-01,-8.51744e-01,1.84820e-01,1.33447e+00
7.56000e+01,-1.53938e+01,1.71560e-01,-5.20987e-01,1.84834e-01,1.27096e+00
7.57000e+01,-1.53310e+01,1.66277e-01,-1.42886e-01,1.89905e-01,1.24080e+00
7.58000e+01,-1.52681e+01,1.71600e-01,2.53533e-01,2.09972e-01,1.21521e+00
7.59000e+01,-1.52053e+01,1.85129e-01,6.06144e-01,8.40807e-02,-1.93084e+00
7.60000e+01,-1.51425e+01,1.99906e-01,9.12343e-01,1.43851e-01,1.22794e+00
7.61000e+01,-1.50796e+01,2.12892e-01,1.18061e+00,1.57072e-01,1.21853e+00
7.62000e+01,-1.50168e+01,2.18572e-01,1.41682e+00,1.61866e-01,1.21186e+00
7.63000e+01,-1.49540e+01,2.12571e-01,1.65159e+00,1.64278e-01,1.20266e+00
7.64000e+01,-1.48911e+01,1.98689e-01,1.92420e+00,1.65240e-01,1.15238e+00
7.65000e+01,-1.48283e+01,1.86676e-01,2.24253e+00,1.67646e-01,1.24600e+00
7.66000e+01,-1.47655e+01,1.80057e-01,2.57097e+00,1.67764e-01,1.22588e+00
7.67000e+01,-1.47027e+01,1.74128e-01,2.88665e+00,1.67716e-01,1.21836e+00
7.68000e+01,-1.46398e+01,1.65043e-01,-3.07927e+00,1.66914e-01,1.20987e+00
7.69000e+01,-1.45770e+01,1.53948e-01,-2.73483e+00,1.63670e-01,1.18710e+00
7.70000e+01,-1.45142e+01,1.44668e-01,-2.34851e+00,1.25163e-01,5.27676e-01
7.71000e+01,-1.44513e+01,1.42698e-01,-1.93092e+00,1.81637e-01,1.40772e+00
7.72000e+01,-1.43885e+01,1.48662e-01,-1.54238e+00,1.83315e-01,1.17370e+00
7.73000e+01,-1.43257e+01,1.54173e-01,-1.20159e+00,1.78032e-01,1.21090e+00
7.74000e+01,-1.42628e+01,1.55104e-01,-8.63747e-01,1.76218e-01,1.21318e+00
7.75000e+01,-1.42000e+01,1.56552e-01,-5.01864e-01,1.80558e-01,1.19231e+00
7.76000e+01,-1.41372e+01,1.61944e-01,-1.43159e-01,1.63403e-01,9.48758e-01
7.77000e+01,-1.40743e+01,1.69039e-01,1.98112e-01,1.45491e-01,1.37775e+00
7.78000e+01,-1.40115e+01,1.76143e-01,5.21323e-01,1.66768e-01,1.23160e+00
7.79000e+01,-1.39487e+01,1.80693e-01,8.33863e-01,1.60818e-01,1.19121e+00
7.80000e+01,-1.38858e+01,1.83071e-01,1.15704e+00,1.46025e-01,1.06446e+00
7.81000e+01,-1.38230e+01,1.87147e-01,1.49073e+00,5.31332e-01,-8.74295e-01
7.82000e+01,-1.37602e+01,1.93386e-01,1.81993e+00,2.35135e-01,1.50985e+00
7.83000e+01,-1.36973e+01,2.01147e-01,2.14419e+00,2.07595e-01,1.44933e+00
7.84000e+01,-1.36345e+01,2.11750e-01,2.45657e+00,1.97346e-01,1.46643e+00
7.85000e+01,-1.35717e+01,2.23816e-01,2.74272e+00,2.41173e-01,1.48184e+00
7.86000e+01,-1.35088e+01,2.32207e-01,2.99769e+00,3.08235e-01,2.03950e+00
7.87000e+01,-1.34460e+01,2.31293e-01,-3.04177e+00,2.11826e-01,8.20065e-01
7.88000e+01,-1.33832e+01,2.21868e-01,-2.77588e+00,2.01082e-01,1.08305e+00
7.89000e+01,-1.33204e+01,2.11169e-01,-2.47321e+00,3.19806e-01,1.50431e+00
7.90000e+01,-1.32575e+01,2.04307e-01,-2.14438e+00,1.88810e-01,1.03436e+00
7.91000e+01,-1.31947e+01,2.02896e-01,-1.81653e+00,1.96347e-01,9.78384e-01
7.92000e+01,-1.31319e+01,2.01055e-01,-1.50815e+00,2.66825e-01,-3.81941e-02
7.93000e+01,-1.30690e+01,1.95848e-01,-1.18587e+00,2.14721e-01,1.61071e+00
7.94000e+01,-1.30062e+01,1.95581e-01,-8.44308e-01,1.99094e-01,1.41017e+00
7.95000e+01,-1.29434e+01,1.99957e-01,-5.29439e-01,1.97317e-01,1.35131e+00
7.96000e+01,-1.28805e+01,2.01239e-01,-2.43284e-01,1.97248e-01,1.32028e+00
7.97000e+01,-1.28177e+01,1.97349e-01,3.94214e-02,1.97655e-01,1.29418e+00
7.98000e+01,-1.27549e+01,1.90342e-01,3.26373e-01,1.98134e-01,1.25287e+00
7.99000e+01,-1.26920e+01,1.78404e-01,6.18646e-01,2.03420e-01,9.62326e-01
8.00000e+01,-1.26292e+01,1.61510e-01,9.57418e-01,2.26536e-01,1.58289e+00
8.01000e+01,-1.25664e+01,1.50950e-01,1.37807e+00,1.98677e-01,1.30132e+00
8.02000e+01,-1.25035e+01,1.56695e-01,1.80362e+00,2.02975e-01,1.28656e+00
8.03000e+01,-1.24407e+01,1.69080e-01,2.13613e+00,2.05169e-01,1.25917e+00
8.04000e+01,-1.23779e+01,1.71563e-01,2.41192e+00,2.07110e-01,1.21273e+00
8.05000e+01,-1.23150e+01,1.63472e-01,2.71809e+00,2.08329e-01,1.10086e+00
8.06000e+01,-1.22522e+01,1.56628e-01,3.08680e+00,3.07302e-01,1.27096e-01
8.07000e+01,-1.21894e+01,1.58302e-01,-2.81499e+00,2.71095e-01,1.43177e+00
8.08000e+01,-1.21265e+01,1.63015e-01,-2.46849e+00,2.90292e-01,1.33902e+00
8.09000e+01,-1.20637e+01,1.64608e-01,-2.13087e+00,4.18771e-01,1.06471e+00
8.10000e+01,-1.20009e+01,1.67157e-01,-1.77253e+00,3.32611e-01,-2.68108e+00
8.11000e+01,-1.19381e+01,1.75376e-01,-1.41763e+00,1.02952e-01,2.18199e+00
8.12000e+01,-1.18752e+01,1.87746e-01,-1.09602e+00,1.48814e-01,1.76898e+00
8.13000e+01,-1.18124e+01,1.99779e-01,-8.17066e-01,1.59460e-01,1.68348e+00
8.14000e+01,-1.17496e+01,2.04619e-01,-5.74963e-01,1.78684e-01,1.56330e+00
8.15000e+01,-1.16867e+01,1.97002e-01,-3.28904e-01,1.77968e-01,1.57000e+00
8.16000e+01,-1.16239e+01,1.83404e-01,-3.40329e-02,1.80196e-01,1.56127e+00
8.17000e+01,-1.15611e+01,1.72454e-01,3.02292e-01,1.81651e-01,1.55681e+00
8.18000e+01,-1.14982e+01,1.63997e-01,6.59971e-01,1.81996e-01,1.55709e+00
8.19000e+01,-1.14354e+01,1.59073e-01,1.05183e+00,1.82231e-01,1.56064e+00
8.20000e+01,-1.13726e+01,1.64134e-01,1.45456e+00,4.76859e-02,1.54668e+00
8.21000e+01,-1.13097e+01,1.77258e-01,1.80220e+00,4.50092e-01,1.49496e+00
8.22000e+01,-1.12469e+01,1.86557e-01,2.08855e+00,5.01476e-01,1.74185e+00
8.23000e+01,-1.11841e+01,1.86144e-01,2.37253e+00,2.86903e-01,1.78181e+00
8.24000e+01,-1.11212e+01,1.82931e-01,2.69229e+00,5.50169e-01,2.24973e+00
8.25000e+01,-1.10584e+01,1.83820e-01,3.02598e+00,2.03653e-01,9.99585e-01
8.26000e+01,-1.09956e+01,1.86678e-01,-2.93549e+00,1.60919e-01,1.25835e+00
8.27000e+01,-1.09327e+01,1.89852e-01,-2.62748e+00,1.91380e-01,1.33045e+00
8.28000e+01,-1.08699e+01,1.89923e-01,-2.33897e+00,1.95279e-01,1.35464e+00
8.29000e+01,-1.08071e+01,1.83165e-01,-2.04324e+00,1.94622e-01,1.35224e+00
8.30000e+01,-1.07442e+01,1.74147e-01,-1.70661e+00,1.84834e-01,1.28864e+00
8.31000e+01,-1.06814e+01,1.69709e-01,-1.33605e+00,8.65682e-01,-7.53788e-01
8.32000e+01,-1.06186e+01,1.71287e-01,-9.62828e-01,2.68430e-01,1.65179e+00
8.33000e+01,-1.05558e+01,1.76161e-01,-6.02644e-01,3.74948e-01,2.02547e+00
8.34000e+01,-1.04929e+01,1.83837e-01,-2.53434e-01,2.24763e-01,1.23712e+00
8.35000e+01,-1.04301e+01,1.94289e-01,7.36112e-02,2.35151e-01,1.31401e+00
8.36000e+01,-1.03673e+01,2.04152e-01,3.71354e-01,2.48180e-01,1.29733e+00
8.37000e+01,-1.03044e+01,2.09592e-01,6.55937e-01,2.77255e-01,1.22055e+00
8.38000e+01,-1.02416e+01,2.12042e-01,9.43533e-01,4.36062e-01,9.62996e-01
8.39000e+01,-1.01788e+01,2.12711e-01,1.23166e+00,2.29617e-01,2.86380e+00
8.40000e+01,-1.01159e+01,2.10560e-01,1.52357e+00,1.78534e-01,1.93763e+00
8.41000e+01,-1.00531e+01,2.07355e-01,1.83137e+00,3.27224e-01,1.92121e+00
8.42000e+01,-9.99026e+00,2.07066e-01,2.14964e+00,1.97008e-01,1.65343e+00
8.43000e+01,-9.92743e+00,2.10210e-01,2.45014e+00,2.00311e-01,1.61136e+00
8.44000e+01,-9.86460e+00,2.08892e-01,2.72050e+00,2.91896e-01,1.68310e+00
8.45000e+01,-9.80177e+00,1.97613e-01,3.00313e+00,2.24027e-01,1.48542e+00
8.46000e+01,-9.73894e+00,1.85229e-01,-2.93391e+00,2.55470e-01,1.15037e+00
8.47000e+01,-9.67611e+00,1.85556e-01,-2.55783e+00,2.27913e-01,1.80343e+00
8.48000e+01,-9.61327e+00,1.93900e-01,-2.23858e+00,2.36942e-01,1.67859e+00
8.49000e+01,-9.55044e+00,1.95294e-01,-1.96812e+00,2.43850e-01,1.62279e+00
8.50000e+01,-9.48761e+00,1.87572e-01,-1.68793e+00,2.54335e-01,1.58132e+00
8.51000e+01,-9.42478e+00,1.77294e-01,-1.37512e+00,2.71365e-01,1.53049e+00
8.52000e+01,-9.36195e+00,1.68933e-01,-1.03573e+00,2.87405e-01,1.49039e+00
8.53000e+01,-9.29911e+00,1.64009e-01,-6.86352e-01,3.55167e-01,1.34930e+00
8.54000e+01,-9.23628e+00,1.60895e-01,-3.42806e-01,1.48441e+00,1.65480e+00
8.55000e+01,-9.17345e+00,1.57599e-01,-2.13379e-03,7.79188e-01,-2.43043e+00
8.56000e+01,-9.11062e+00,1.53898e-01,3.41620e-01,1.44910e+00,2.49982e+00
8.57000e+01,-9.04779e+00,1.49977e-01,6.93629e-01,7.16509e-02,2.70159e+00
8.58000e+01,-8.98495e+00,1.46755e-01,1.05938e+00,1.18084e-01,2.27452e+00
8.59000e+01,-8.92212e+00,1.45391e-01,1.43499e+00,1.37831e-01,2.17856e+00
8.60000e+01,-8.85929e+00,1.46681e-01,1.82267e+00,1.47478e-01,2.17721e+00
8.61000e+01,-8.79646e+00,1.53889e-01,2.20240e+00,1.50520e-01,2.29736e+00
8.62000e+01,-8.73363e+00,1.63419e-01,2.53983e+00,1.85210e-01,3.00483e+00
8.63000e+01,-8.67080e+00,1.70454e-01,2.85580e+00,3.97427e-01,1.28990e+00
8.64000e+01,-8.60796e+00,1.75522e-01,-3.12480e+00,2.63607e-01,1.54503e+00
8.65000e+01,-8.54513e+00,1.74938e-01,-2.83021e+00,2.98788e-01,1.54826e+00
8.66000e+01,-8.48230e+00,1.68452e-01,-2.49838e+00,1.42349e-01,2.56333e+00
8.67000e+01,-8.41947e+00,1.66581e-01,-2.10554e+00,1.71599e-01,1.99660e+00
8.68000e+01,-8.35664e+00,1.77652e-01,-1.71209e+00,1.75470e-01,1.97503e+00
8.69000e+01,-8.29380e+00,1.95476e-01,-1.37795e+00,1.63783e-01,2.07410e+00
8.70000e+01,-8.23097e+00,2.11990e-01,-1.08275e+00,1.23660e-01,2.83295e+00
8.71000e+01,-8.16814e+00,2.27703e-01,-8.10475e-01,6.03729e-01,1.39007e+00
8.72000e+01,-8.10531e+00,2.40287e-01,-5.70765e-01,3.64773e-01,1.51289e+00
8.73000e+01,-8.04248e+00,2.42686e-01,-3.53577e-01,3.67983e-01,1.45594e+00
8.74000e+01,-7.97965e+00,2.32560e-01,-1.25874e-01,8.71400e-01,1.27993e+00
8.75000e+01,-7.91681e+00,2.15514e-01,1.44079e-01,5.93927e-01,-2.55257e+00
8.76000e+01,-7.85398e+00,2.01731e-01,4.60695e-01,2.21057e-01,2.83716e+00
8.77000e+01,-7.79115e+00,1.94392e-01,7.82550e-01,2.10825e-01,2.37679e+00
8.78000e+01,-7.72832e+00,1.86336e-01,1.08734e+00,2.35052e-01,2.00445e+00
8.79000e+01,-7.66549e+00,1.73203e-01,1.40356e+00,4.92854e-01,1.28326e+00
8.80000e+01,-7.60265e+00,1.58790e-01,1.76716e+00,7.47340e-01,-2.93736e+00
8.81000e+01,-7.53982e+00,1.50450e-01,2.18394e+00,4.94346e-01,-2.99969e+00
8.82000e+01,-7.47699e+00,1.51884e-01,2.61476e+00,5.90904e-01,-2.93439e+00
8.83000e+01,-7.41416e+00,1.62163e-01,3.01644e+00,1.42413e+00,-2.66493e+00
8.84000e+01,-7.35133e+00,1.76534e-01,-2.92363e+00,1.02558e+00,1.11637e+00
8.85000e+01,-7.28849e+00,1.86711e-01,-2.62030e+00,2.04176e+00,2.60190e+00
8.86000e+01,-7.22566e+00,1.93060e-01,-2.31413e+00,3.47556e-01,6.86490e-01
8.87000e+01,-7.16283e+00,2.00167e-01,-2.01104e+00,1.95248e-01,7.86223e-01
8.88000e+01,-7.10000e+00,2.06223e-01,-1.72472e+00,2.75554e-01,1.58845e+00
8.89000e+01,-7.03717e+00,2.08028e-01,-1.45035e+00,3.06681e-01,2.03839e+00
8.90000e+01,-6.97434e+00,2.04295e-01,-1.16736e+00,1.30018e+00,2.75990e+00
8.91000e+01,-6.91150e+00,1.99506e-01,-8.60703e-01,3.22160e-01,4.73438e-01
8.92000e+01,-6.84867e+00,1.97190e-01,-5.48108e-01,2.61501e-01,1.37669e+00
8.93000e+01,-6.78584e+00,1.94001e-01,-2.44811e-01,3.19058e-01,1.58751e+00
8.94000e+01,-6.72301e+00,1.87383e-01,6.80899e-02,5.59456e-01,1.65035e+00
8.95000e+01,-6.66018e+00,1.80558e-01,4.06915e-01,8.90364e-01,-1.68740e+00
8.96000e+01,-6.59734e+00,1.77006e-01,7.73201e-01,2.08044e-01,-2.59631e+00
8.97000e+01,-6.53451e+00,1.82310e-01,1.14901e+00,8.33968e-01,-3.07318e+00
8.98000e+01,-6.47168e+00,1.96004e-01,1.47569e+00,1.75010e-01,2.21508e-01
8.99000e+01,-6.40885e+00,2.06610e-01,1.73678e+00,3.65625e-02,1.04640e+00
9.00000e+01,-6.34602e+00,2.04531e-01,1.97451e+00,1.03025e-01,-3.10564e+00
9.01000e+01,-6.28319e+00,1.92327e-01,2.24794e+00,5.88153e-02,1.37085e+00
9.02000e+01,-6.22035e+00,1.81993e-01,2.56712e+00,6.94815e-02,2.55461e+00
9.03000e+01,-6.15752e+00,1.75238e-01,2.88997e+00,3.13926e-01,-1.10431e+00
9.04000e+01,-6.09469e+00,1.67893e-01,-3.06756e+00,2.69508e-01,1.86682e+00
9.05000e+01,-6.03186e+00,1.61293e-01,-2.73106e+00,8.71305e-02,2.92828e+00
9.06000e+01,-5.96903e+00,1.54970e-01,-2.39407e+00,1.20297e-01,-2.61361e+00
9.07000e+01,-5.90619e+00,1.47059e-01,-2.04607e+00,2.07337e-01,-2.11845e+00
9.08000e+01,-5.84336e+00,1.40007e-01,-1.66510e+00,3.90048e-01,-1.95618e+00
9.09000e+01,-5.78053e+00,1.37414e-01,-1.27362e+00,1.05706e+00,-1.74366e+00
9.10000e+01,-5.71770e+00,1.34907e-01,-8.78431e-01,1.73334e+00,1.70835e+00
9.11000e+01,-5.65487e+00,1.36808e-01,-4.40852e-01,1.38361e+00,1.59608e+00
9.12000e+01,-5.59203e+00,1.51697e-01,-2.50972e-02,1.10332e+00,1.87765e+00
9.13000e+01,-5.52920e+00,1.71169e-01,2.94042e-01,6.19461e-01,2.17496e+00
9.14000e+01,-5.46637e+00,1.82197e-01,5.61557e-01,6.16265e-01,2.64486e+00
9.15000e+01,-5.40354e+00,1.83158e-01,8.40572e-01,2.17656e+00,-2.98296e+00
9.16000e+01,-5.34071e+00,1.81434e-01,1.15982e+00,9.33284e-01,7.73874e-01
9.17000e+01,-5.27788e+00,1.83535e-01,1.49909e+00,4.70104e-01,1.19270e+00
9.18000e+01,-5.21504e+00,1.88294e-01,1.83299e+00,3.49218e-01,1.53419e+00
9.19000e+01,-5.15221e+00,1.94817e-01,2.16448e+00,2.93657e-01,1.98816e+00
9.20000e+01,-5.08938e+00,2.03787e-01,2.48269e+00,5.90356e-01,3.12907e+00
9.21000e+01,-5.02655e+00,2.12192e-01,2.78573e+00,4.14949e-01,1.29969e+00
9.22000e+01,-4.96372e+00,2.20137e-01,3.08333e+00,4.32065e-01,2.98679e+00
9.23000e+01,-4.90088e+00,2.28087e-01,-2.91125e+00,5.02485e-01,1.03846e+00
9.24000e+01,-4.83805e+00,2.36141e-01,-2.63240e+00,6.11530e-01,2.40834e+00
9.25000e+01,-4.77522e+00,2.43598e-01,-2.37888e+00,2.86918e-01,1.31839e+00
9.26000e+01,-4.71239e+00,2.42066e-01,-2.15054e+00,2.47759e-01,1.58936e+00
9.27000e+01,-4.64956e+00,2.28913e-01,-1.90565e+00,2.33544e-01,1.76636e+00
9.28000e+01,-4.58673e+00,2.13566e-01,-1.61953e+00,2.61398e-01,1.89667e+00
9.29000e+01,-4.52389e+00,2.01274e-01,-1.31875e+00,1.62351e-01,-2.65552e+00
9.30000e+01,-4.46106e+00,1.86841e-01,-1.01426e+00,1.79873e-01,-2.98076e+00
9.31000e+01,-4.39823e+00,1.69529e-01,-6.71216e-01,2.94340e-01,-2.66627e+00
9.32000e+01,-4.33540e+00,1.58027e-01,-2.62046e-01,9.88396e-01,-2.51070e+00
9.33000e+01,-4.27257e+00,1.59990e-01,1.56196e-01,3.87340e-01,1.57240e+00
9.34000e+01,-4.20973e+00,1.68553e-01,5.16294e-01,5.31732e-01,-2.21389e+00
9.35000e+01,-4.14690e+00,1.74480e-01,8.25374e-01,2.97262e+00,2.37580e+00
9.36000e+01,-4.08407e+00,1.71963e-01,1.12255e+00,3.55605e+00,-2.61705e+00
9.37000e+01,-4.02124e+00,1.64718e-01,1.46415e+00,2.36733e+00,9.35244e-01
9.38000e+01,-3.95841e+00,1.64106e-01,1.84392e+00,1.03845e+00,1.11790e+00
9.39000e+01,-3.89557e+00,1.69404e-01,2.19400e+00,6.40783e-01,1.24853e+00
9.40000e+01,-3.83274e+00,1.71274e-01,2.52601e+00,1.62185e-01,1.39585e+00
9.41000e+01,-3.76991e+00,1.73651e-01,2.88596e+00,1.25446e+00,1.45633e+00
9.42000e+01,-3.70708e+00,1.84967e-01,-3.04609e+00,5.52038e-01,1.23549e+00
9.43000e+01,-3.64425e+00,1.98714e-01,-2.75804e+00,5.36212e-01,1.64452e+00
9.44000e+01,-3.58142e+00,2.02883e-01,-2.50403e+00,5.82914e-01,2.10240e+00
9.45000e+01,-3.51858e+00,1.98025e-01,-2.23320e+00,2.40995e+00,2.96632e+00
9.46000e+01,-3.45575e+00,1.90016e-01,-1.92546e+00,3.29966e-01,9.51390e-01
9.47000e+01,-3.39292e+00,1.86665e-01,-1.58426e+00,4.84689e-01,1.25391e+00
9.48000e+01,-3.33009e+00,1.89882e-01,-1.25796e+00,3.15756e-01,1.47732e+00
9.49000e+01,-3.26726e+00,1.91742e-01,-9.65875e-01,2.25014e-01,1.77733e+00
9.50000e+01,-3.20442e+00,1.87493e-01,-6.79159e-01,1.50122e-01,-7.29560e-01
9.51000e+01,-3.14159e+00,1.79285e-01,-3.73096e-01,3.06434e-01,-2.99763e+00
9.52000e+01,-3.07876e+00,1.71084e-01,-3.36508e-02,6.41458e-01,-1.99122e+00
9.53000e+01,-3.01593e+00,1.68446e-01,3.25498e-01,2.63059e+00,-1.80458e+00
9.54000e+01,-2.95310e+00,1.70204e-01,6.62073e-01,4.01643e+00,1.52875e+00
9.55000e+01,-2.89027e+00,1.69663e-01,9.73533e-01,2.25366e+00,2.75495e+00
9.56000e+01,-2.82743e+00,1.64970e-01,1.28505e+00,1.62747e+00,1.34735e+00
9.57000e+01,-2.76460e+00,1.57152e-01,1.61741e+00,1.06451e+00,1.41568e+00
9.58000e+01,-2.70177e+00,1.50274e-01,1.98566e+00,8.81083e-01,1.54571e+00
9.59000e+01,-2.63894e+00,1.47753e-01,2.37208e+00,7.91819e-01,2.01022e+00
9.60000e+01,-2.57611e+00,1.48671e-01,2.76139e+00,4.41361e+00,3.00618e+00
9.61000e+01,-2.51327e+00,1.53566e-01,-3.13689e+00,8.11335e-01,3.83423e-01
9.62000e+01,-2.45044e+00,1.61548e-01,-2.76559e+00,2.51930e+00,2.07013e+00
9.63000e+01,-2.38761e+00,1.73810e-01,-2.41418e+00,9.09013e-01,1.70255e+00
9.64000e+01,-2.32478e+00,1.87702e-01,-2.10385e+00,7.10679e-01,1.67071e+00
9.65000e+01,-2.26195e+00,1.97885e-01,-1.82546e+00,5.97537e-01,1.74888e+00
9.66000e+01,-2.19911e+00,2.00196e-01,-1.55365e+00,5.22586e-01,1.83665e+00
9.67000e+01,-2.13628e+00,1.97598e-01,-1.25000e+00,5.20910e-01,2.06771e+00
9.68000e+01,-2.07345e+00,1.99696e-01,-9.18612e-01,9.26546e-01,-1.49581e+00
9.69000e+01,-2.01062e+00,2.07690e-01,-6.09449e-01,8.09509e-01,-8.44510e-01
9.70000e+01,-1.94779e+00,2.13034e-01,-3.36284e-01,2.81964e+00,2.35956e+00
9.71000e+01,-1.88496e+00,2.09895e-01,-7.19064e-02,2.14803e+00,1.76610e+00
9.72000e+01,-1.82212e+00,1.99377e-01,2.20588e-01,1.15041e+00,2.17509e+00
9.73000e+01,-1.75929e+00,1.89835e-01,5.65833e-01,4.26810e+00,2.96450e+00
9.74000e+01,-1.69646e+00,1.89730e-01,9.34654e-01,2.93416e+00,-2.65506e+00
9.75000e+01,-1.63363e+00,1.97198e-01,1.27360e+00,2.03482e+00,1.04458e+00
9.76000e+01,-1.57080e+00,2.03259e-01,1.57157e+00,1.15567e+00,1.28657e+00
9.77000e+01,-1.50796e+00,2.02646e-01,1.86201e+00,8.71182e-01,8.31504e-01
9.78000e+01,-1.44513e+00,1.99496e-01,2.17467e+00,5.85767e-01,3.09481e-01
9.79000e+01,-1.38230e+00,1.98574e-01,2.49637e+00,2.86224e+00,2.00073e+00
9.80000e+01,-1.31947e+00,1.98179e-01,2.81652e+00,1.83172e+00,1.70694e+00
9.81000e+01,-1.25664e+00,1.98778e-01,3.14096e+00,1.36507e+00,1.76337e+00
9.82000e+01,-1.19381e+00,2.01583e-01,-2.82156e+00,1.20233e+00,1.89661e+00
9.83000e+01,-1.13097e+00,2.06699e-01,-2.51556e+00,5.01190e+00,3.00650e+00
9.84000e+01,-1.06814e+00,2.10160e-01,-2.24071e+00,1.07165e+00,1.40902e+00
9.85000e+01,-1.00531e+00,2.05585e-01,-1.97652e+00,6.94134e-01,1.23806e+00
9.86000e+01,-9.42478e-01,1.95434e-01,-1.68479e+00,1.93160e+00,2.55040e+00
9.87000e+01,-8.79646e-01,1.88045e-01,-1.36567e+00,1.10079e+00,1.37188e+00
9.88000e+01,-8.16814e-01,1.83248e-01,-1.05539e+00,6.55312e-01,5.27498e-01
9.89000e+01,-7.53982e-01,1.76124e-01,-7.55062e-01,7.24680e+00,2.65297e+00
9.90000e+01,-6.91150e-01,1.65294e-01,-4.51165e-01,2.10263e+00,3.01349e+00
9.91000e+01,-6.28319e-01,1.49935e-01,-1.22761e-01,1.14371e+00,1.78042e+00
9.92000e+01,-5.65487e-01,1.33779e-01,2.79673e-01,9.63689e-01,2.00093e+00
9.93000e+01,-5.02655e-01,1.29423e-01,7.65866e-01,7.90681e-01,2.27701e+00
9.94000e+01,-4.39823e-01,1.41495e-01,1.20320e+00,1.33427e+00,-2.90828e+00
9.95000e+01,-3.76991e-01,1.54225e-01,1.53464e+00,1.60757e+00,1.45074e+00
9.96000e+01,-3.14159e-01,1.57171e-01,1.84354e+00,1.79931e+00,1.67703e+00
9.97000e+01,-2.51327e-01,1.56205e-01,2.19778e+00,5.04515e+00,2.97040e+00
9.98000e+01,-1.88496e-01,1.61881e-01,2.58184e+00,1.03374e+00,1.76939e+00
9.99000e+01,-1.25664e-01,1.75765e-01,2.93670e+00,3.36882e+00,2.73554e+00
1.00000e+02,-6.28319e-02,1.91637e-01,-3.04519e+00,1.08641e+00,2.55017e+00
